Source,Target
adoptparfums,kiabi_official
adoptparfums,yvesrocherfr
adoptparfums,maccosmeticsfrance
adoptparfums,ritualscosmeticsfrance
adoptparfums,nuxe
adoptparfums,nespresso
adoptparfums,nyxcosmetics_france
adoptparfums,clarinsfr
adoptparfums,gifi.officiel
adoptparfums,nocibe_france
adoptparfums,cerave_fr
adoptparfums,caudaliefrance
adoptparfums,flammarionlivres
adoptparfums,camaieu
adoptparfums,sheinfrance_
adoptparfums,marinetraffic
adoptparfums,hemafrance
adoptparfums,histoiredor
adoptparfums,cliniquefrance
adoptparfums,flammarionjeunesseromans
adoptparfums,modecachecache
adoptparfums,myjoliecandle
adoptparfums,hellobody_fr
adoptparfums,loccitane_fr
adoptparfums,garnierfr
adoptparfums,burgerkingfr
adoptparfums,marionnaudfr
adoptparfums,beauteprivee
adoptparfums,toofacedlovesfrance
adoptparfums,avrilcosmetiques
adoptparfums,glowria_fr
adoptparfums,pinupsecretparis
adoptparfums,jewelcandlefr
adoptparfums,garanciabeauty
adoptparfums,undizfamily
adoptparfums,glossybox_fr
adoptparfums,bysmaquillage
adoptparfums,sobio_etic
adoptparfums,maybelline_fr
adoptparfums,24s
adoptparfums,travelettes
adoptparfums,palaisdesthes
adoptparfums,lessecretsdeloly
adoptparfums,rimmellondonfrance
adoptparfums,dopfrance
adoptparfums,gemo_officiel
adoptparfums,foreo_france
adoptparfums,itcosmeticsfr
adoptparfums,bbcdoctorwho
adoptparfums,fubiz
adoptparfums,lbdcoiffeur
adoptparfums,paulaschoicefr
adoptparfums,aufeminin
adoptparfums,nickycosmeticsparis
adoptparfums,pariszigzag
adoptparfums,lushfrance
adoptparfums,princesse_boutique
adoptparfums,lisapapz
adoptparfums,creapills
adoptparfums,cdiscountshake
adoptparfums,laboiterosefr
adoptparfums,rockenseine
adoptparfums,supersonicclub
adoptparfums,timeoutparis
adoptparfums,cleocameleo
adoptparfums,scalapayfr
adoptparfums,energiefruit
adoptparfums,sagacosmetics
adoptparfums,frichti
adoptparfums,le_bal
adoptparfums,flammarionjeunesse
adoptparfums,les_petites_porcelaines
adoptparfums,provencepoiriers
adoptparfums,emmaalr
adoptparfums,polene_paris
adoptparfums,unifrance
adoptparfums,simimouvie
adoptparfums,lefoodmarket
adoptparfums,culturepub_officiel
adoptparfums,littlejbeauty
bathandbodyworksarabia,shein_ar
bathandbodyworksarabia,etbilarabi
bathandbodyworksarabia,hm
bathandbodyworksarabia,maxfashionmena
bathandbodyworksarabia,nayomimena
bathandbodyworksarabia,bathandbodyworks
bathandbodyworksarabia,mustafahosnyofficial
bathandbodyworksarabia,maybelline
bathandbodyworksarabia,extrastores
bathandbodyworksarabia,arabwoodtv
bathandbodyworksarabia,dolcegabbana
bathandbodyworksarabia,youm7
bathandbodyworksarabia,royatv
bathandbodyworksarabia,splashfashions
bathandbodyworksarabia,benefitmiddleeast
bathandbodyworksarabia,sacoksa
bathandbodyworksarabia,centrepointme
bathandbodyworksarabia,victoriassecretmena
bathandbodyworksarabia,pandasaudi
bathandbodyworksarabia,royanews
bathandbodyworksarabia,beautysecretsme
bathandbodyworksarabia,drjasem
bathandbodyworksarabia,aghar_official
bathandbodyworksarabia,redtagfashion
bathandbodyworksarabia,saudinews50
bathandbodyworksarabia,kikomilanoarabia
bathandbodyworksarabia,dior
bathandbodyworksarabia,luluhypersa
bathandbodyworksarabia,qasralawani
bathandbodyworksarabia,donia.samir.ghanem
bathandbodyworksarabia,decoorat_
bathandbodyworksarabia,yasmine_sabri
bathandbodyworksarabia,lcwaikikiegypt
bathandbodyworksarabia,facesbeautymiddleeast
bathandbodyworksarabia,cbcegypt
bathandbodyworksarabia,sephoramiddleeast
bathandbodyworksarabia,kuwaitoffer
bathandbodyworksarabia,the.lady5
bathandbodyworksarabia,bootsmiddleeast
bathandbodyworksarabia,netflixmena
bathandbodyworksarabia,nouraridaofficial
bathandbodyworksarabia,nyxcosmetics_arabia
bathandbodyworksarabia,jarirbookstore
bathandbodyworksarabia,joellemardinian
bathandbodyworksarabia,tamerhosny
bathandbodyworksarabia,wafaezzeldin122
bathandbodyworksarabia,menna_el_sonny
bathandbodyworksarabia,levoilescarfs
bathandbodyworksarabia,carrefoursaudi
bathandbodyworksarabia,nicestores
bathandbodyworksarabia,myriamfares
bathandbodyworksarabia,debenhamsmiddleeast
bathandbodyworksarabia,aghar_fb
bathandbodyworksarabia,karenwazen
bathandbodyworksarabia,alsaifgallery38
bathandbodyworksarabia,mariamseiif
bathandbodyworksarabia,yasminabdelaziz_
bathandbodyworksarabia,balqeesfathi
bathandbodyworksarabia,alharam.bh
bathandbodyworksarabia,nadia.elkholy
bathandbodyworksarabia,mcdonaldskuwait
bathandbodyworksarabia,boutiqaat
bathandbodyworksarabia,mango
bathandbodyworksarabia,thebodyshopegypt
bathandbodyworksarabia,lazurde
bathandbodyworksarabia,ghadaeltally
bathandbodyworksarabia,hudabeauty
bathandbodyworksarabia,shop6thstreet
bathandbodyworksarabia,visitdubai.ar
bathandbodyworksarabia,karazkw
bathandbodyworksarabia,amysamirghanem
bathandbodyworksarabia,twenty4fashion
bathandbodyworksarabia,sherine
bathandbodyworksarabia,mayanelsayed
bathandbodyworksarabia,thebodyshopsaudiwest
bathandbodyworksarabia,mcdonaldsksa
bathandbodyworksarabia,maiibraahim
bathandbodyworksarabia,samo_hagras
bathandbodyworksarabia,vspinkmena
bathandbodyworksarabia,cashmere.shop
berezinskaya.makeup,eleveth_production
berezinskaya.makeup,sol_r.style
berezinskaya.makeup,svevamakeup_
berezinskaya.makeup,tony_brown65
berezinskaya.makeup,leonoraloramakeupartist
berezinskaya.makeup,samantatodisco01
berezinskaya.makeup,_noemi.deo_
berezinskaya.makeup,elektra93reviews
berezinskaya.makeup,roryascione
berezinskaya.makeup,ornellabullari_
berezinskaya.makeup,nails.irinaberezinskaya
berezinskaya.makeup,simplyfeh
berezinskaya.makeup,caterinatosimua
berezinskaya.makeup,ailydef
berezinskaya.makeup,carolinabacinello
berezinskaya.makeup,helsinkistarr
berezinskaya.makeup,elektraprivate93
berezinskaya.makeup,semplicemargot
berezinskaya.makeup,elenaberezinskaia
berezinskaya.makeup,_rin_makeup
berezinskaya.makeup,martinacostarelli_mua
berezinskaya.makeup,creativefairynails
berezinskaya.makeup,gloriamor_
berezinskaya.makeup,ninnicm_photographs
bitebeauty,origins
bitebeauty,bliss
bitebeauty,patricktabeauty
bitebeauty,nudestix
bitebeauty,drjart
bitebeauty,laneige_us
bitebeauty,iliabeauty
bitebeauty,sundayriley
bitebeauty,kayali
bitebeauty,clarinsusa
bitebeauty,oribe
bitebeauty,muradskincare
bitebeauty,thedrybar
bitebeauty,olehenriksen
bitebeauty,pacificabeauty
bitebeauty,soapandglory
bitebeauty,kosas
bitebeauty,igkhair
bitebeauty,elizabetharden
bitebeauty,farmacybeauty
bitebeauty,firstaidbeauty
bitebeauty,emcosmetics
bitebeauty,ecotools
bitebeauty,kevynaucoin
bitebeauty,supergoop
bitebeauty,caudalieus
bitebeauty,katesomervilleskincare
bitebeauty,physiciansformula
bitebeauty,youthtothepeople
bitebeauty,briogeo
bitebeauty,fourthraybeauty
bitebeauty,casper
bitebeauty,chantecaille
bitebeauty,acurebeauty
bitebeauty,buxomcosmetics
bitebeauty,peachandlily
bitebeauty,luxiebeauty
bitebeauty,pmdbeauty
bitebeauty,personacosmetics
bitebeauty,koparibeauty
bitebeauty,boscia
bitebeauty,jonesroadbeauty
bitebeauty,shopvioletvoss
bitebeauty,biosilkhaircare
bitebeauty,nordstrombeauty
bitebeauty,ghd_northamerica
bitebeauty,velourbeautyofficial
bitebeauty,saiebeauty
bitebeauty,sweetchefskincare
bitebeauty,herbivorebotanicals
bitebeauty,kaleidosmakeup
bitebeauty,montereybayaquarium
bitebeauty,byartis
bitebeauty,insomniacevents
bitebeauty,myfacetory
bitebeauty,livenation
bitebeauty,colouredraine
bitebeauty,phytousa
bitebeauty,ticketmaster
bitebeauty,glamlite
bitebeauty,sfgate
bitebeauty,nililotan
bitebeauty,fekkai
bitebeauty,awakeskin
bitebeauty,artistcouture
bitebeauty,asiamnaturally
bitebeauty,biossance
bitebeauty,erborian_usa
bitebeauty,generalassembly
bitebeauty,lilahbeauty
bitebeauty,poshmark
bitebeauty,lawless
bitebeauty,sjearthquakes
bitebeauty,majesticcasual
bitebeauty,shoptobi
bitebeauty,karlacosmetics
bitebeauty,reviveskincare
bitebeauty,lovingtanofficial
bitebeauty,californiababy
bitebeauty,libfestival
blissim,yvesrocherfr
blissim,ritualscosmeticsfrance
blissim,nuxe
blissim,nocibe_france
blissim,ghdfrance
blissim,erborian
blissim,avrilcosmetiques
blissim,loccitane_fr
blissim,jewelcandlefr
blissim,beauteprivee
blissim,glowria_fr
blissim,melvitaofficial
blissim,glossybox_fr
blissim,culturafr
blissim,garanciabeauty
blissim,marionnaudfr
blissim,my_little_box
blissim,bleulibelluleofficiel
blissim,opi_france
blissim,biotyfullbox
blissim,gemo_officiel
blissim,saeve_france
blissim,respirenaturel
blissim,bananabeauty.fr
blissim,polaar
blissim,mademoiselle_bio
blissim,rejeanneunderwear
blissim,0yann0
blissim,frichti
blissim,lestendancesdemma
blissim,wearecharlottebio
blissim,balancetastartup
blissim,paulaschoicefr
blissim,emmaetchloe
blissim,veepee_fr
blissim,lavantgardiste
blissim,baija_cosmetique
blissim,nuoobox
blissim,celine_bernaerts
blissim,lespetitsbidons
blissim,alisonwheelr
blissim,waamcosmetics
blissim,vivre_de_limmobilier
blissim,juliette.bubble
blissim,asabio_cosmetics
blissim,leavesandclouds
blissim,unbottled.co
blissim,laroseecosmetiques
blissim,lessavonsdejoya
blissim,kosparis
blissim,aglaiaco
blissim,tounsi_dans_la_ville
blissim,miramonamour
blissim,leseclaireuses
blissim,lodoesmakeup
blissim,lapelucherie
blissim,cassandrejt
blissim,melissaanddougfr
blissim,modeinelo
blissim,boba_france
blissim,avamay_fr
blissim,lapetitegaby
blissim,fifthavenueluxe
blissim,ma_chic_boutique
blissim,voilabeaute
blissim,degustabox_fr
blissim,lougalliot
blissim,loccitaneorleans
blissim,waekura
blissim,moneretofficial
blissim,p.lab_beauty
blissim,nebuleuse.bijoux
blissim,graazie.official
blissim,graceetrose
blissim,youmakefashion
blissim,camilleclnt
blissim,900.care
blissim,la_canopee
blissim,zetma.paris
blissim,laquincailleriemoderne
bourjoisparis,yvesrocherfr
bourjoisparis,eauthermaleavenefrance
bourjoisparis,maxfactorarabia
bourjoisparis,nuxe
bourjoisparis,clarinsfr
bourjoisparis,nocibe_france
bourjoisparis,biodermafrance
bourjoisparis,maccosmeticsfrance
bourjoisparis,nyxcosmetics_france
bourjoisparis,rimmellondonuki
bourjoisparis,filorga_france
bourjoisparis,garnierfr
bourjoisparis,cliniquefrance
bourjoisparis,caudaliefrance
bourjoisparis,ghdfrance
bourjoisparis,fnac_officiel
bourjoisparis,ducray.france
bourjoisparis,erborian
bourjoisparis,uriagefrance
bourjoisparis,loccitane_fr
bourjoisparis,maybelline_fr
bourjoisparis,renefurterer
bourjoisparis,nivea_fr
bourjoisparis,corinedefarme
bourjoisparis,rogergallet
bourjoisparis,nafnaf
bourjoisparis,le_bhv_marais
bourjoisparis,marionnaudfr
bourjoisparis,camaieu
bourjoisparis,galerieslafayette
bourjoisparis,rimmellondonfrance
bourjoisparis,darphin
bourjoisparis,neutrogenafrance
bourjoisparis,beauteprivee
bourjoisparis,byterryofficial
bourjoisparis,garanciabeauty
bourjoisparis,sobio_etic
bourjoisparis,opi_france
bourjoisparis,klorane_france
bourjoisparis,revlonfrance
bourjoisparis,foreo_france
bourjoisparis,jewelcandlefr
bourjoisparis,glossybox_fr
bourjoisparis,bobbibrownfrance
bourjoisparis,lushfrance
bourjoisparis,blissim
bourjoisparis,lookfantastic_fr
bourjoisparis,beautetestcom
bourjoisparis,orientexpress
bourjoisparis,johnfriedafr
bourjoisparis,bourjois_russia
bourjoisparis,florame
bourjoisparis,laino.official
bourjoisparis,puraloeuneplantepourlavie
bourjoisparis,arlettieparis
bourjoisparis,rejeanneunderwear
bourjoisparis,cottageofficiel
bourjoisparis,yves_rocher_bordeaux_ste_cath
bourjoisparis,glastofest
bourjoisparis,sizeofficialfr
bourjoisparis,jonak
bourjoisparis,calviontherocks
bourjoisparis,her.loop
bourjoisparis,nars_galerieslafayette
bourjoisparis,notecosmetique.france
bourjoisparis,vice_france
bourjoisparis,wirelessfest
bourjoisparis,edbanger
bourjoisparis,bobbibrown_kapitoliy
bourjoisparis,fusalp
bourjoisparis,pascalemonvoisin
bourjoisparis,propolia_france
bourjoisparis,yvesrocherbelfort90
bourjoisparis,dourfestival
bourjoisparis,mai_optic
bourjoisparis,marcelagency
bourjoisparis,yvesrochermerignac
bourjoisparis,maridou.bijoux
bourjoisparis,caviarsturia
bourjoisparis,myzahofficiel
catquinn,chrissyteigen
catquinn,maccosmetics
catquinn,mytherapistsays
catquinn,newyorkermag
catquinn,voguemagazine
catquinn,nymag
catquinn,nytimes
catquinn,itsjennarennert
catquinn,diet_prada
catquinn,enews
catquinn,allure
catquinn,thecut
catquinn,wwd
catquinn,byrdie
catquinn,itsmetinx
catquinn,kristinarodulfo
catquinn,theeverygirl
catquinn,glamourmag
catquinn,overheardnewyork
catquinn,betches
catquinn,refinery29
catquinn,kristiedash
catquinn,hmuir
catquinn,glossangelespod
catquinn,desioakley
catquinn,faith_xue
catquinn,serenakerrigan
catquinn,katiejanehughes
catquinn,kirbiejohnson
catquinn,commentsbycelebs
catquinn,blakelawren
catquinn,jcruel
catquinn,jenatkinhair
catquinn,thebrianunderwood
catquinn,saratan
catquinn,jdemsey
catquinn,nettart
catquinn,beautyindependent
catquinn,aprilfranzino
catquinn,carlycardellino
catquinn,lauren_valenti
catquinn,fifival
catquinn,hillhouse
catquinn,shopcupcakesandcashmere
catquinn,elainewelteroth
catquinn,jess_chia
catquinn,sunheebeauty
catquinn,hannahbaxward
catquinn,katiejaynebecker
catquinn,evachen212
catquinn,oliviamuenter
catquinn,skinlaundry
catquinn,chefanienass
catquinn,bellagerard
catquinn,danarebecca
catquinn,juliet
catquinn,gouldhallie
catquinn,missjulee
catquinn,themadisonrae
catquinn,macpro
catquinn,michelleclarkmakeup
catquinn,fatimasees
catquinn,melissashiffer
catquinn,emilyweiss
catquinn,jeangodfreyjune
catquinn,lillianavazquez
catquinn,keriblair
catquinn,thatiana.diaz
catquinn,annapetrow
catquinn,elizagracehuber
catquinn,margaux_polaux
catquinn,glam.in.gotham
catquinn,nordstromnyc
catquinn,juliaroseboston
catquinn,simonesoliver
catquinn,olympiamarie
catquinn,gabriellekorn
catquinn,fatmascara
catquinn,nycpretty
catquinn,alisonbrodmc
caudaliefrance,yvesrocherfr
caudaliefrance,cerave_fr
caudaliefrance,clarinsfr
caudaliefrance,nuxe
caudaliefrance,eauthermaleavenefrance
caudaliefrance,maccosmeticsfrance
caudaliefrance,biodermafrance
caudaliefrance,nocibe_france
caudaliefrance,ritualscosmeticsfrance
caudaliefrance,filorga_france
caudaliefrance,cliniquefrance
caudaliefrance,erborian
caudaliefrance,sanoflore
caudaliefrance,lieracparis
caudaliefrance,loccitane_fr
caudaliefrance,dysonhair_fr
caudaliefrance,avrilcosmetiques
caudaliefrance,eucerin_fr
caudaliefrance,renefurterer
caudaliefrance,melvitaofficial
caudaliefrance,beauteprivee
caudaliefrance,uriagefrance
caudaliefrance,philips.maison
caudaliefrance,aderma_france
caudaliefrance,sobio_etic
caudaliefrance,laprovencale_bio
caudaliefrance,darphin
caudaliefrance,garanciabeauty
caudaliefrance,hellobody_fr
caudaliefrance,phytoparis
caudaliefrance,kiehlsfrance
caudaliefrance,blissim
caudaliefrance,marionnaudfr
caudaliefrance,opi_france
caudaliefrance,klorane_france
caudaliefrance,laredoutecollections
caudaliefrance,french.hm
caudaliefrance,foreo_france
caudaliefrance,freshlycosmetics_fr
caudaliefrance,laneige_europe
caudaliefrance,elancylfrance
caudaliefrance,dermalogicafr
caudaliefrance,laboratoire_svr
caudaliefrance,lustucru.fr
caudaliefrance,bio_c_bon
caudaliefrance,nars_galerieslafayette
caudaliefrance,itcosmeticsfr
caudaliefrance,naturactive.fr_officiel
caudaliefrance,mademoiselle_bio
caudaliefrance,paulaschoicefr
caudaliefrance,saintgervaismontblanc
caudaliefrance,jowae_france
caudaliefrance,marieclairefr
caudaliefrance,beaugrenelleparis
caudaliefrance,myzahofficiel
caudaliefrance,dlabindustry
caudaliefrance,originnclarosee
caudaliefrance,karcher_france
caudaliefrance,lesfillesdesezane
caudaliefrance,phytosunaroms
caudaliefrance,atelier.emmaetchloe
caudaliefrance,bepanthenderma_fr
caudaliefrance,loccitaneorleans
caudaliefrance,studioko
caudaliefrance,brunalemy
caudaliefrance,laroseecosmetiques
caudaliefrance,sknperfct
caudaliefrance,merci_handy16
caudaliefrance,kreme_paris
caudaliefrance,jaspebydianep
caudaliefrance,amyastley
caudaliefrance,songelab
caudaliefrance,philippineleroybeaulieu
caudaliefrance,itsirav
caudaliefrance,milapuljiz
caudaliefrance,loccitaneavignon
caudaliefrance,p.lab_beauty
caudaliefrance,labeyriefrance
caudaliefrance,amend.fr
caudaliefrance,parisalaprairie
cosmopolitan_fr,france5
cosmopolitan_fr,aufeminin
cosmopolitan_fr,magicmaman_com
cosmopolitan_fr,nocibe_france
cosmopolitan_fr,versionfemina
cosmopolitan_fr,bibamagazine
cosmopolitan_fr,france3
cosmopolitan_fr,marieclairefr
cosmopolitan_fr,paris2024
cosmopolitan_fr,galerieslafayette
cosmopolitan_fr,madamefigarofr
cosmopolitan_fr,vanityfairfrance
cosmopolitan_fr,galafr
cosmopolitan_fr,journaldesfemmes
cosmopolitan_fr,m6officiel
cosmopolitan_fr,grazia_fr
cosmopolitan_fr,melty_fr
cosmopolitan_fr,hellobody_fr
cosmopolitan_fr,voici_mag
cosmopolitan_fr,comptoirdescotonniers
cosmopolitan_fr,francetelevisions
cosmopolitan_fr,blissim
cosmopolitan_fr,opi_france
cosmopolitan_fr,lexpressfr
cosmopolitan_fr,teleloisirs
cosmopolitan_fr,zalandoprive_fr
cosmopolitan_fr,fraiches
cosmopolitan_fr,my_little_box
cosmopolitan_fr,confidentiellesofficial
cosmopolitan_fr,glowria_fr
cosmopolitan_fr,purebreak
cosmopolitan_fr,parents_fr
cosmopolitan_fr,femme_actuelle
cosmopolitan_fr,publicfr
cosmopolitan_fr,cacommenceauj
cosmopolitan_fr,fourchette_et_bikini
cosmopolitan_fr,lessavoirsinutilesneon
cosmopolitan_fr,leseclaireuses.beaute
cosmopolitan_fr,idea.ltd
cosmopolitan_fr,doctissimo
cosmopolitan_fr,respirenaturel
cosmopolitan_fr,leseclaireuses
cosmopolitan_fr,frichti
cosmopolitan_fr,bymalenebirger
cosmopolitan_fr,yeyeweller
cosmopolitan_fr,ohmymagfr
cosmopolitan_fr,madmoizelle
cosmopolitan_fr,larmoiredesoso
cosmopolitan_fr,fondationdesfemmes
cosmopolitan_fr,french.hm
cosmopolitan_fr,yahoopopfr
cosmopolitan_fr,sisters_astrologie
cosmopolitan_fr,dana.esteline
cosmopolitan_fr,loladubini
cosmopolitan_fr,diegoalary
cosmopolitan_fr,chloebbbb
cosmopolitan_fr,kujten
cosmopolitan_fr,ma_chic_boutique
cosmopolitan_fr,zoedelascases
cosmopolitan_fr,aux_caprices
cosmopolitan_fr,her.loop
cosmopolitan_fr,zeina_alliances
cosmopolitan_fr,lunaskye
cosmopolitan_fr,familib_france
cosmopolitan_fr,rubanroseofficiel
cosmopolitan_fr,lebourgetparis
cosmopolitan_fr,pingmyping
cosmopolitan_fr,bepanthenderma_fr
cosmopolitan_fr,zeadesofficial
cosmopolitan_fr,kellypioche
cosmopolitan_fr,visanstefan
cosmopolitan_fr,pierrescristauxcreations
cosmopolitan_fr,valentinegauthierofficiel
cosmopolitan_fr,orparima_paris
cosmopolitan_fr,green.compagnie
cosmopolitan_fr,kidimo
cosmopolitan_fr,noro.paris.world
cosmopolitan_fr,tawletparis
cosmopolitan_fr,declikdeco_fr
cosmopolitan_fr,associationless
coverfx,tartecosmetics
coverfx,sephora
coverfx,elfcosmetics
coverfx,milanicosmetics
coverfx,maccosmetics
coverfx,nyxcosmetics
coverfx,bhcosmetics
coverfx,sigmabeauty
coverfx,lauramercier
coverfx,anastasiabeverlyhills
coverfx,lagirlcosmetics
coverfx,morphebrushes
coverfx,maybelline
coverfx,fentybeauty
coverfx,hourglasscosmetics
coverfx,colourpopcosmetics
coverfx,toofaced
coverfx,lorealparis
coverfx,loraccosmetics
coverfx,wetnwildbeauty
coverfx,makeuprevolution
coverfx,narsissist
coverfx,benefitcosmetics
coverfx,bobbibrown
coverfx,doseofcolors
coverfx,ofracosmetics
coverfx,makeupbymario
coverfx,natashadenona
coverfx,jouercosmetics
coverfx,pixibeauty
coverfx,itcosmetics
coverfx,charlottetilbury
coverfx,physiciansformula
coverfx,clinique
coverfx,fourthraybeauty
coverfx,solbody
coverfx,beautybaycom
coverfx,urbandecaycosmetics
coverfx,gerardcosmetics
coverfx,buxomcosmetics
coverfx,rimmellondonus
coverfx,stilacosmetics
coverfx,cultbeauty
coverfx,ipsy
coverfx,smashboxcosmetics
coverfx,ultabeauty
coverfx,realtechniques
coverfx,makeupgeekcosmetics
coverfx,kvdbeauty
coverfx,iconic.london
coverfx,boxycharm
coverfx,beautyblender
coverfx,glamglow
coverfx,farmacybeauty
coverfx,hudabeautyshop
coverfx,bitebeauty
coverfx,hudabeauty
coverfx,covergirl
coverfx,milkmakeup
coverfx,makeupforever
coverfx,patricktabeauty
coverfx,juviasplace
coverfx,thebalm
coverfx,meltcosmetics
coverfx,nyxcosmetics_uk
coverfx,modabrush
coverfx,natashadenonabeauty
coverfx,patmcgrathreal
coverfx,glowrecipe
coverfx,profusion
coverfx,beautybakeriemakeup
coverfx,jasonwubeauty
coverfx,joahbeauty
coverfx,marcjacobsbeauty
coverfx,lacolorscosmetics
coverfx,velourbeautyofficial
coverfx,herbivorebotanicals
coverfx,beautifiina
coverfx,briogeo
coverfx,kissproducts
daniellemarcan,bellahadid
daniellemarcan,voguemagazine
daniellemarcan,kendalljenner
daniellemarcan,dualipa
daniellemarcan,kyliejenner
daniellemarcan,fentybeauty
daniellemarcan,kimkardashian
daniellemarcan,euphoria
daniellemarcan,sydney_sweeney
daniellemarcan,lilyjcollins
daniellemarcan,billieeilish
daniellemarcan,badgalriri
daniellemarcan,kourtneykardash
daniellemarcan,kyliecosmetics
daniellemarcan,anastasiabeverlyhills
daniellemarcan,dovecameron
daniellemarcan,maybelline
daniellemarcan,hoskelsa
daniellemarcan,9gag
daniellemarcan,rarebeauty
daniellemarcan,chiaraferragni
daniellemarcan,meganfox
daniellemarcan,arianagrande
daniellemarcan,pubity
daniellemarcan,jesshunt2
daniellemarcan,dior
daniellemarcan,wolfiecindy
daniellemarcan,gigihadid
daniellemarcan,iamhalsey
daniellemarcan,lenkalul
daniellemarcan,dojacat
daniellemarcan,hudabeauty
daniellemarcan,memezar
daniellemarcan,meredithduxbury
daniellemarcan,barbieferreira
daniellemarcan,hoooooyeony
daniellemarcan,matildadjerf
daniellemarcan,oliviarodrigo
daniellemarcan,leoniehanne
daniellemarcan,haileybieber
daniellemarcan,ladygaga
daniellemarcan,khloekardashian
daniellemarcan,charlottetilbury
daniellemarcan,donni.davy
daniellemarcan,theweeknd
daniellemarcan,hayley_bui
daniellemarcan,emrata
daniellemarcan,emmachamberlain
daniellemarcan,inbeautmag
daniellemarcan,bretmanrock
daniellemarcan,valerialipovetsky
daniellemarcan,lissyroddyy
daniellemarcan,amandakhamkaew
daniellemarcan,irisloveunicorns
daniellemarcan,olgadann
daniellemarcan,tomholland2013
daniellemarcan,milliebobbybrown
daniellemarcan,jihoonkm
daniellemarcan,shaymitchell
daniellemarcan,anguscloud
daniellemarcan,pradaxbby
daniellemarcan,hunterschafer
daniellemarcan,kali.ledger
daniellemarcan,vitaliia
daniellemarcan,sabrinacarpenter
daniellemarcan,madisonbeer
daniellemarcan,malvina_isfan
daniellemarcan,mileycyrus
daniellemarcan,jacobelordi
daniellemarcan,meicrosoft
daniellemarcan,romaneinnc
daniellemarcan,nikki_makeup
daniellemarcan,selenagomez
daniellemarcan,devonleecarlson
daniellemarcan,itsnisa.style
daniellemarcan,gabxxrielle
daniellemarcan,madelame
daniellemarcan,beautybypeach
daniellemarcan,ccclarke
daniellemarcan,adele
davidegottardomakeup,scuolaesteticanuovaera
davidegottardomakeup,_rosatanya_
davidegottardomakeup,felisiabarbiebulgari
davidegottardomakeup,ludovicavaiano.mua
davidegottardomakeup,svarionicimiteriali
davidegottardomakeup,valentiinapzz
davidegottardomakeup,_alemkpbeauty_
davidegottardomakeup,valentinadelmedico
davidegottardomakeup,marianna_manco_mua
davidegottardomakeup,mua_mariacristinastecchi
davidegottardomakeup,mariatrano_mua
davidegottardomakeup,alessiarux
davidegottardomakeup,deboraguerramakeup
davidegottardomakeup,itsdanielepardini
davidegottardomakeup,lauracacciapaglia_mua
davidegottardomakeup,paolosardomakeup
davidegottardomakeup,eerie.moths
davidegottardomakeup,camilla_ciacci_mua
davidegottardomakeup,fr.angelinomakeupartist
diletta.mua,beatrice_curlystylist
diletta.mua,_la_shoo_
diletta.mua,tati_savitska
diletta.mua,nataliacogliatimakeup
diletta.mua,erikamilan_makeupartist
diletta.mua,claudia.arena_mua
diletta.mua,makeheart19
diletta.mua,lehillary_official
diletta.mua,da.camilosbarber
diletta.mua,ventuno_ph
diletta.mua,_alessia_doria
diletta.mua,saraholste_makeup
diletta.mua,reves_de_beaute_
diletta.mua,elena_hair_lp
diletta.mua,lullu_blonde_ambassador
diletta.mua,michelaclemeno
diletta.mua,drusillafoer
diletta.mua,marcellaramundomua
diletta.mua,acushot
diletta.mua,michiporfi
diletta.mua,giuliadilandro
diletta.mua,barb.amos
diletta.mua,giuliapricca_makeup
diletta.mua,silviaownmakeup
diletta.mua,saraferraro.mua
diletta.mua,centrothairavenna
diletta.mua,sandrison
diletta.mua,liliasmakeupworld
diletta.mua,momentilab
diletta.mua,dade_diadema
diletta.mua,sensationhair_studio
diletta.mua,camilla_torazzi_mua
diletta.mua,thebeautybar_milan
diletta.mua,francesca.hs.diadema
diletta.mua,zanzibarcrema_official
diletta.mua,lagomhairstudio_brescia
diletta.mua,byfrankkk
diletta.mua,bracco_barber
diletta.mua,chiarabeauty_laminazioneciglia
diletta.mua,giulia.hair_
diletta.mua,ari_panna
diletta.mua,alicepugliese.mua
diletta.mua,mcpavia
diletta.mua,jlenia_crigna
diletta.mua,saracashhh
diletta.mua,francescatini.mua
diletta.mua,laurarandazzo.mua
diletta.mua,danceattitude_567e8
diletta.mua,edoardoa
diletta.mua,chantal.ciaffardini
diletta.mua,stabilinda
diletta.mua,mattia_stanga
diletta.mua,mua_letiziapirola
diletta.mua,mc2hairspa
diletta.mua,serenaplacier.mua
diletta.mua,designnow.it
diletta.mua,monikakowal80
diletta.mua,narciso.mua
diletta.mua,maisonesthetique_erica
diletta.mua,venturinicola
diletta.mua,psecas.diadema
diletta.mua,meisoulfulsushi
diletta.mua,alessandra_defeudis
diletta.mua,unapsicologaacrema
diletta.mua,ricahaircare_official
diletta.mua,stefano.prezioso
diletta.mua,teampeoplemilano
diletta.mua,lepri.aveda.store
diletta.mua,giuliapercivalle
diletta.mua,labelmitalia
diletta.mua,edoardocanavese
diletta.mua,greta.larosa
diletta.mua,ruben.crema
diletta.mua,gaia1997_
diletta.mua,omi_lab
diletta.mua,hu.is.who
diletta.mua,comb_studio
diletta.mua,lalessandra__
diletta.mua,beneys
diletta.mua,_samuelefiorentino
drewbarrymore,curtisleejamie
drewbarrymore,britneyspears
drewbarrymore,people
drewbarrymore,katehudson
drewbarrymore,enews
drewbarrymore,reesewitherspoon
drewbarrymore,jennifer.garner
drewbarrymore,chrissyteigen
drewbarrymore,potus
drewbarrymore,therock
drewbarrymore,snoopdogg
drewbarrymore,jenniferaniston
drewbarrymore,violadavis
drewbarrymore,kristenanniebell
drewbarrymore,kimkardashian
drewbarrymore,chrishemsworth
drewbarrymore,lilyjcollins
drewbarrymore,rebelwilson
drewbarrymore,salmahayek
drewbarrymore,kourtneykardash
drewbarrymore,ladygaga
drewbarrymore,katyperry
drewbarrymore,jlo
drewbarrymore,vanityfair
drewbarrymore,foodnetwork
drewbarrymore,accesshollywood
drewbarrymore,parishilton
drewbarrymore,jessicaalba
drewbarrymore,annehathaway
drewbarrymore,fallontonight
drewbarrymore,thedrewbarrymoreshow
drewbarrymore,melissamccarthy
drewbarrymore,jimmyfallon
drewbarrymore,michelleobama
drewbarrymore,camerondiaz
drewbarrymore,kellyclarksonshow
drewbarrymore,hilaryduff
drewbarrymore,eentertainment
drewbarrymore,meganfox
drewbarrymore,entertainmentweekly
drewbarrymore,melissajoanhart
drewbarrymore,khloekardashian
drewbarrymore,vancityreynolds
drewbarrymore,adele
drewbarrymore,sarahjessicaparker
drewbarrymore,badgalriri
drewbarrymore,nbcsnl
drewbarrymore,bettymwhite
drewbarrymore,missmayim
drewbarrymore,aliciasilverstone
drewbarrymore,marthastewart
drewbarrymore,leahremini
drewbarrymore,shakira
drewbarrymore,popculture
drewbarrymore,joshgad
drewbarrymore,thehughjackman
drewbarrymore,tomholland2013
drewbarrymore,candacecbure
drewbarrymore,alecbaldwininsta
drewbarrymore,milano_alyssa
drewbarrymore,gwynethpaltrow
drewbarrymore,theellenshow
drewbarrymore,dukeandduchessofcambridge
drewbarrymore,nicolekidman
drewbarrymore,madonna
drewbarrymore,billieeilish
drewbarrymore,markwahlberg
drewbarrymore,amyschumer
drewbarrymore,juliaroberts
drewbarrymore,victoriabeckham
drewbarrymore,halleberry
drewbarrymore,sarahmgellar
drewbarrymore,mandymooremm
drewbarrymore,zoesaldana
drewbarrymore,busyphilipps
drewbarrymore,kyliejenner
drewbarrymore,courteneycoxofficial
drewbarrymore,mileycyrus
drewbarrymore,katebeckinsale
drewbarrymore,outlander_starz
erborian,yvesrocherfr
erborian,clarinsfr
erborian,nuxe
erborian,maccosmeticsfrance
erborian,ritualscosmeticsfrance
erborian,eauthermaleavenefrance
erborian,nyxcosmetics_france
erborian,nocibe_france
erborian,caudaliefrance
erborian,cliniquefrance
erborian,filorga_france
erborian,drjart
erborian,ghdfrance
erborian,feelunique
erborian,loccitane_fr
erborian,uriagefrance
erborian,sanoflore
erborian,maybelline_fr
erborian,beauteprivee
erborian,jewelcandlefr
erborian,marionnaudfr
erborian,melvitaofficial
erborian,toofacedlovesfrance
erborian,darphin
erborian,opi_france
erborian,byterryofficial
erborian,eucerin_fr
erborian,rimmellondonfrance
erborian,glossybox_fr
erborian,blissim
erborian,glowria_fr
erborian,kiehlsfrance
erborian,garanciabeauty
erborian,klorane_france
erborian,nintendoswitchfr
erborian,sobio_etic
erborian,revlonfrance
erborian,foreo_france
erborian,cyrillusofficiel
erborian,lookfantastic_fr
erborian,laboratoire_svr
erborian,itcosmeticsfr
erborian,laneige_europe
erborian,dermalogicafr
erborian,beautysuccessfrance
erborian,fleurancenature
erborian,spartoogram
erborian,paulaschoicefr
erborian,manucurist
erborian,french.hm
erborian,audreylamy
erborian,leseclaireuses.beaute
erborian,armandthiery
erborian,trendmood.box
erborian,otrerabeauty
erborian,salimaalianiofficial
erborian,nu3_fr
erborian,nourhene
erborian,nars_galerieslafayette
erborian,brandalley
erborian,adambaidawi
erborian,julia.flabat
erborian,dlabindustry
erborian,richaard2609
erborian,lodoesmakeup
erborian,di__palma
erborian,loccitaneorleans
erborian,ckbeautyinsta
erborian,riuparis
erborian,mllexchloe
erborian,bepanthenderma_fr
erborian,nate_lgll
erborian,lalogedegabrielle
erborian,kty_d_makeupartist
erborian,dacobello
erborian,sloggi_france
erborian,tbs_1978
erborian,kallmenano
erborian,ticketaccom
erborian,bobbibrown_passy
foreo_france,yvesrocherfr
foreo_france,nocibe_france
foreo_france,garnierfr
foreo_france,clarinsfr
foreo_france,filorga_france
foreo_france,maccosmeticsfrance
foreo_france,ducray.france
foreo_france,cliniquefrance
foreo_france,caudaliefrance
foreo_france,ghdfrance
foreo_france,sanoflore
foreo_france,aderma_france
foreo_france,ritualscosmeticsfrance
foreo_france,loccitane_fr
foreo_france,garanciabeauty
foreo_france,erborian
foreo_france,darty_officiel
foreo_france,avrilcosmetiques
foreo_france,sobio_etic
foreo_france,melvitaofficial
foreo_france,toofacedlovesfrance
foreo_france,kiehlsfrance
foreo_france,eucerin_fr
foreo_france,bleulibelluleofficiel
foreo_france,johnfriedafr
foreo_france,glowria_fr
foreo_france,beauteprivee
foreo_france,glossybox_fr
foreo_france,hemafrance
foreo_france,weledafr
foreo_france,jewelcandlefr
foreo_france,nintendoswitchfr
foreo_france,lushfrance
foreo_france,itcosmeticsfr
foreo_france,hellobody_fr
foreo_france,blissim
foreo_france,bobbibrownfrance
foreo_france,puressentiel
foreo_france,davinesfrance
foreo_france,freshlycosmetics_fr
foreo_france,cattierparisfr
foreo_france,saeve_france
foreo_france,qiriness
foreo_france,glamglowfrance
foreo_france,hairburst_fr
foreo_france,dermalogicafr
foreo_france,saintgervaismontblanc
foreo_france,huygensparis
foreo_france,easypara
foreo_france,akaneskincare
foreo_france,polaar
foreo_france,miramonamour
foreo_france,cinqmondes
foreo_france,blondepil_officiel
foreo_france,letanneur_official
foreo_france,respirenaturel
foreo_france,eauprecieusefr
foreo_france,illicado_
foreo_france,veepee_fr
foreo_france,oceansapart.fr
foreo_france,rakutenfrance
foreo_france,energiefruit
foreo_france,parkjimin7k
foreo_france,paulaschoicefr
foreo_france,dlabnutricosmetics
foreo_france,leavesandclouds
foreo_france,yodibeauty
foreo_france,her.loop
foreo_france,rollonjade_fr
foreo_france,laboteparis
foreo_france,biorefr
foreo_france,latelierdamaya
foreo_france,oseebeaute
foreo_france,loccitaneavignon
foreo_france,laroseecosmetiques
foreo_france,mai_optic
foreo_france,fluff_skin_superfood_fr
foreo_france,loccitaneorleans
foreo_france,myzahofficiel
foreo_france,alt_k_selection
garnierusa,cerave
garnierusa,sc
garnierusa,dove
garnierusa,larocheposayusa
garnierusa,biodermausa
garnierusa,origins
garnierusa,stivesskin
garnierusa,bliss
garnierusa,sheamoisture
garnierusa,olay
garnierusa,pampersus
garnierusa,pantene
garnierusa,ogx_beauty
garnierusa,ponds
garnierusa,vaselinebrand
garnierusa,tresemme
garnierusa,neutrogena
garnierusa,muradskincare
garnierusa,lacolorscosmetics
garnierusa,vichyusa
garnierusa,foreo
garnierusa,niveausa
garnierusa,aveenous
garnierusa,gillettevenus
garnierusa,cleanandclear
garnierusa,herbalessences
garnierusa,burtsbees
garnierusa,josiemaran
garnierusa,almay
garnierusa,johnsonsbaby
garnierusa,cremeofnature
garnierusa,rimmellondonus
garnierusa,physiciansformula
garnierusa,lovebeautyandplanet
garnierusa,chapstick
garnierusa,rocskincare
garnierusa,nyxcosmetics_es
garnierusa,freemanbeauty
garnierusa,mizani
garnierusa,ecotools
garnierusa,avoninsider
garnierusa,grandecosmetics
garnierusa,soapandgloryusa
garnierusa,jergensus
garnierusa,eucerinus
garnierusa,luxiebeauty
garnierusa,visitutah
garnierusa,buschgardens
garnierusa,headandshoulders
garnierusa,aquaphorus
garnierusa,baoddong
garnierusa,sweetchefskincare
garnierusa,velveeta
garnierusa,baxterofca
garnierusa,dial
garnierusa,trashisfortossers
garnierusa,skintimate
garnierusa,zyrtecallergy
garnierusa,qtips
garnierusa,amlactin
garnierusa,completelybare
garnierusa,curlygirlylinds
garnierusa,samanthabrownstyle
garnierusa,alexandrarriaga
garnierusa,alivebywhitney
garnierusa,missecurls
garnierusa,makeup.and.tell
garnierusa,melanologie
garnierusa,thelisagilroy
garnierusa,shushopshoes
garnierusa,emilyylauryn.curls
garnierusa,curlygirl_chanelle
garnierusa,emdee.bp
garnierusa,kts_curls
garnierusa,vixencurls
garnierusa,sherryhair75
garnierusa,melodyjoypr
garnierusa,teceutica
garnierusa,necurlfriend
garnierusa,wavesbyjess
ghdfrance,yvesrocherfr
ghdfrance,nocibe_france
ghdfrance,clarinsfr
ghdfrance,nyxcosmetics_france
ghdfrance,maccosmeticsfrance
ghdfrance,ritualscosmeticsfrance
ghdfrance,caudaliefrance
ghdfrance,cliniquefrance
ghdfrance,erborian
ghdfrance,dysonhair_fr
ghdfrance,maybelline_fr
ghdfrance,renefurterer
ghdfrance,beauteprivee
ghdfrance,wellafrance
ghdfrance,rimmellondonfrance
ghdfrance,thermomixfr
ghdfrance,toofacedlovesfrance
ghdfrance,avrilcosmetiques
ghdfrance,jewelcandlefr
ghdfrance,garanciabeauty
ghdfrance,camaieu
ghdfrance,opi_france
ghdfrance,galerieslafayette
ghdfrance,marionnaudfr
ghdfrance,focalofficial
ghdfrance,glowria_fr
ghdfrance,glossybox_fr
ghdfrance,besson_chaussures
ghdfrance,bleulibelluleofficiel
ghdfrance,notino_fr
ghdfrance,hellobody_fr
ghdfrance,kiehlsfrance
ghdfrance,blissim
ghdfrance,foreo_france
ghdfrance,freshlycosmetics_fr
ghdfrance,revlon_professional_france
ghdfrance,demotivateurfood_fr
ghdfrance,dammannfreres_officiel
ghdfrance,nutellafr
ghdfrance,hairburst_fr
ghdfrance,fitvia.fr
ghdfrance,bananabeauty.fr
ghdfrance,pasquier_fr
ghdfrance,elancylfrance
ghdfrance,schwarzkopfpro.fr
ghdfrance,leseclaireuses.beaute
ghdfrance,shanel931
ghdfrance,frichti
ghdfrance,pomelo_co.fr
ghdfrance,pembecherole
ghdfrance,kany.officiel
ghdfrance,leavesandclouds
ghdfrance,sebastianprofr
ghdfrance,beauteselection
ghdfrance,oseebeaute
ghdfrance,its6bee
ghdfrance,xpresioncreativos
ghdfrance,bo_maissa
ghdfrance,malyyaa_
ghdfrance,myzahofficiel
ghdfrance,amandineyk
ghdfrance,toniandguyfrance
ghdfrance,lorealpro_education_maroc
ghdfrance,beautydje
ghdfrance,isabeau.delatour
ghdfrance,lepalofficiel
ghdfrance,floracoquerel
ghdfrance,viewfrom.mina
ghdfrance,oceaneavakian
ghdfrance,lydiaa.lb
ghdfrance,assia.lynne
ghdfrance,meredith.ombl
ghdfrance,bad.kasha
ghdfrance,carlobay
ghdfrance,larmoiredesoso
ghdfrance,desmondmurray
ghdfrance,jbeverlyhills
ghdfrance,les_2_marmottes
ghdfrance,ma_chic_boutique
ghdfrance,tchakoute
ghdhair,wella
ghdhair,schwarzkopfpro
ghdhair,wellahairusa
ghdhair,schwarzkopfprouk
ghdhair,ghdhairpro
ghdhair,ghditalia
ghdhair,joico
ghdhair,wellaeducation
ghdhair,sebastianpro_official
ghdhair,baremineralsuk
ghdhair,kenraprofessional
ghdhair,renskincare
ghdhair,harveynichols
ghdhair,hairburst
ghdhair,cloudninehair
ghdhair,wellanordic
ghdhair,nipandfab
ghdhair,wellahairuki
ghdhair,houseoffraser
ghdhair,rudehealth
ghdhair,vievemuse
ghdhair,hsamueljeweller
ghdhair,leestaffordhair
ghdhair,ghd_northamerica
ghdhair,oskiaskincare
ghdhair,toniandguydigitalacademy
ghdhair,salonsdirect
ghdhair,colorwowhair
ghdhair,ernestjonesjewellers
ghdhair,eve_lom
ghdhair,moroccanoil_uk
ghdhair,whittardofchelsea1886
ghdhair,systemprofessional
ghdhair,collectioncosmetics_uk
ghdhair,problogroup
ghdhair,ghdflannelsmeadowhall
ghdhair,fanola
ghdhair,hairdressersjournal
ghdhair,maneaddicts
ghdhair,ghdjohnlewisbluewater
ghdhair,jackhowardcolor
ghdhair,vicknhope
ghdhair,salonservicesuk
ghdhair,ghd_nextreading
ghdhair,geehair
ghdhair,instylerhair
ghdhair,abbottlyon
ghdhair,photoboxuk
ghdhair,goldwelluk
ghdhair,allsole
ghdhair,creativeheadmag
ghdhair,nickyclarkeuk
ghdhair,hairrehablondon
ghdhair,rsvp_parrucchieri
ghdhair,arhipova.hairstyle
ghdhair,laslyhair
ghdhair,ghdnick
ghdhair,charlotteprosocial
ghdhair,southampton_darlings
ghdhair,melbournehairblogger
ghdhair,emmahuttonhair
ghdhair,daisy_jewellery
ghdhair,sharonstewartbridalhair
ghdhair,chemistdirect
ghdhair,ghdcribbscauseway
ghdhair,blow.studiomcr
ghdhair,asil
ghdhair,sandylabestudio
ghdhair,hiltonsophia
ghdhair,balmainhayden
ghdhair,kelly_wella
ghdhair,slathelabel
ghdhair,skyeghd
ghdhair,_goodfellaspizza
ghdhair,colourbyrosie
ghdhair,hair_byrobynm
ghdhair,ghd.brentcross
ghdhair,ghd_trafford
ghdhair,eloisenicholahair
ghdhair,makeupaddictjz
glamourmag,voguemagazine
glamourmag,people
glamourmag,vanityfair
glamourmag,enews
glamourmag,cosmopolitan
glamourmag,britishvogue
glamourmag,usweekly
glamourmag,harpersbazaarus
glamourmag,chrissyteigen
glamourmag,nytimes
glamourmag,glamouruk
glamourmag,cnn
glamourmag,hollywoodlife
glamourmag,bazaaruk
glamourmag,whowhatwear
glamourmag,refinery29
glamourmag,allure
glamourmag,buzzfeed
glamourmag,teenvogue
glamourmag,entertainmenttonight
glamourmag,voguefrance
glamourmag,entertainmentweekly
glamourmag,nyxcosmetics
glamourmag,stylecollective
glamourmag,potus
glamourmag,mytherapistsays
glamourmag,drewbarrymore
glamourmag,voguerunway
glamourmag,nymag
glamourmag,elleuk
glamourmag,newyorkermag
glamourmag,popsugar
glamourmag,eentertainment
glamourmag,wmag
glamourmag,britneyspears
glamourmag,thecut
glamourmag,variety
glamourmag,todayshow
glamourmag,hollywoodreporter
glamourmag,violadavis
glamourmag,accesshollywood
glamourmag,kimkardashian
glamourmag,huffpost
glamourmag,lilyjcollins
glamourmag,wwd
glamourmag,cosmopolitanuk
glamourmag,kourtneykardash
glamourmag,marieclairemag
glamourmag,upworthy
glamourmag,revolve
glamourmag,selfmagazine
glamourmag,diet_prada
glamourmag,katehudson
glamourmag,poosh
glamourmag,elleusa
glamourmag,extratv
glamourmag,csiriano
glamourmag,crazybitchprobs
glamourmag,womenshealthmag
glamourmag,hilaryduff
glamourmag,popculture
glamourmag,theeverygirl
glamourmag,thezoereport
glamourmag,betches
glamourmag,nbcsnl
glamourmag,anthropologie
glamourmag,nylonmag
glamourmag,michelleobama
glamourmag,shape
glamourmag,graziauk
glamourmag,khloekardashian
glamourmag,sarahjessicaparker
glamourmag,victoriabeckham
glamourmag,portermagazine
glamourmag,okmagazine
glamourmag,girlboss
glamourmag,dukeandduchessofcambridge
glamourmag,ladygaga
glamourmag,elleaus
glamourmag,iamwellandgood
glowria_fr,yvesrocherfr
glowria_fr,nocibe_france
glowria_fr,nyxcosmetics_france
glowria_fr,ritualscosmeticsfrance
glowria_fr,maccosmeticsfrance
glowria_fr,ghdfrance
glowria_fr,erborian
glowria_fr,beauteprivee
glowria_fr,toofacedlovesfrance
glowria_fr,pinupsecretparis
glowria_fr,garanciabeauty
glowria_fr,jewelcandlefr
glowria_fr,rimmellondonfrance
glowria_fr,dopfrance
glowria_fr,opi_france
glowria_fr,sobio_etic
glowria_fr,glossybox_fr
glowria_fr,hellobody_fr
glowria_fr,blissim
glowria_fr,modecachecache
glowria_fr,johnfriedafr
glowria_fr,my_little_box
glowria_fr,myjoliecandle
glowria_fr,cellublue
glowria_fr,biotyfullbox
glowria_fr,martinecosmetics
glowria_fr,dermalogicafr
glowria_fr,nickycosmeticsparis
glowria_fr,undizfamily
glowria_fr,bananabeauty.fr
glowria_fr,fkarefr
glowria_fr,polaar
glowria_fr,wearecharlottebio
glowria_fr,metropolitanmodelsgroup
glowria_fr,mermaidme.fr
glowria_fr,petit_beguin
glowria_fr,lovebeautyandplanet_france
glowria_fr,energiefruit
glowria_fr,juliette.bubble
glowria_fr,leavesandclouds
glowria_fr,lavantgardiste
glowria_fr,missou_makeup
glowria_fr,jonak
glowria_fr,oseebeaute
glowria_fr,unbottled.co
glowria_fr,laroseecosmetiques
glowria_fr,standprive
glowria_fr,les_diagrammes
glowria_fr,tristanmrs
glowria_fr,balance_ton_bar_paris
glowria_fr,degustabox_fr
glowria_fr,tamboorbox
glowria_fr,emmawilkinsonlefeubvre
glowria_fr,dreamingofeyeshadow
glowria_fr,catalleyaetsesmerveilles_
glowria_fr,dianeleyreoff
glowria_fr,900.care
glowria_fr,la_canopee
glowria_fr,melissawilpotte
glowria_fr,facetheoryfr
glowria_fr,edji_officiel
glowria_fr,miniweight
glowria_fr,palmersfr
glowria_fr,lamaisondubambou
glowria_fr,audreymauro_weddingplanner
glowria_fr,joko_fr
glowria_fr,alisontoby
glowria_fr,puyanashi
glowria_fr,lisa.hielscher
glowria_fr,tortuebeauty
glowria_fr,classpassfr
glowria_fr,marion4bp
glowria_fr,lesbonsplansdecharlotteoff
glowria_fr,maude_basley_couture
glowria_fr,blooming.memories
glowria_fr,olivia.salgas
grandecosmetics,moroccanoil
grandecosmetics,iliabeauty
grandecosmetics,kissproducts
grandecosmetics,bliss
grandecosmetics,thedrybar
grandecosmetics,thrivecausemetics
grandecosmetics,muradskincare
grandecosmetics,laneige_us
grandecosmetics,hardcandylife
grandecosmetics,rocskincare
grandecosmetics,farmacybeauty
grandecosmetics,dermalogica
grandecosmetics,amika
grandecosmetics,josiemaran
grandecosmetics,physiciansformula
grandecosmetics,birchbox
grandecosmetics,soldejaneiro
grandecosmetics,malibucpro
grandecosmetics,firstaidbeauty
grandecosmetics,clarinsusa
grandecosmetics,nordstrombeauty
grandecosmetics,buxomcosmetics
grandecosmetics,burtsbees
grandecosmetics,pureology
grandecosmetics,pmdbeauty
grandecosmetics,soapandgloryusa
grandecosmetics,koparibeauty
grandecosmetics,strivectin
grandecosmetics,kosas
grandecosmetics,flawlessbeauty
grandecosmetics,verbproducts
grandecosmetics,julepbeauty
grandecosmetics,bitebeauty
grandecosmetics,evahairnyc
grandecosmetics,thebeachwaver
grandecosmetics,youthtothepeople
grandecosmetics,herbivorebotanicals
grandecosmetics,purlisse
grandecosmetics,boscia
grandecosmetics,saturday_skin
grandecosmetics,myrefreshments
grandecosmetics,estatemakeup
grandecosmetics,saiebeauty
grandecosmetics,anthonyskincare
grandecosmetics,notyourmothers
grandecosmetics,trulybeauty
grandecosmetics,andalounaturals
grandecosmetics,itsa10haircare
grandecosmetics,lawless
grandecosmetics,crapeyewear
grandecosmetics,bigapplecollectibles
grandecosmetics,shopalterego
grandecosmetics,bondiboost
grandecosmetics,theebouffants
grandecosmetics,michaeltoddbeauty
grandecosmetics,complexculturebeauty
grandecosmetics,thedevinwills
grandecosmetics,zaatarah
grandecosmetics,cosmedica_skincare
grandecosmetics,touchland
grandecosmetics,denverbodydoc
grandecosmetics,stoic.outlaw
grandecosmetics,innbeautyproject
grandecosmetics,cely.led
grandecosmetics,makeup.and.tell
grandecosmetics,dirtylittlesecretcosmetics
grandecosmetics,marshallsmakeupfinds
grandecosmetics,desirehotels
grandecosmetics,trustmysystem
grandecosmetics,vigovoss
grandecosmetics,brooksbeard
grandecosmetics,mathiasthejeweler
grandecosmetics,mesoamen
grandecosmetics,jannikolander
grandecosmetics,beautyby_taylorrose
grandecosmetics,bloomsupps
grandecosmetics,valeriaarguelless
grandecosmetics,ricksteeleofficial
grandecosmetics,kirstenvo_
grandecosmetics,beccabastos
iamkareno,bretmanrock
iamkareno,imjennim
iamkareno,jessyluxe
iamkareno,jennierubyjane
iamkareno,best.dressed
iamkareno,roses_are_rosie
iamkareno,colourpopcosmetics
iamkareno,sooyaaa__
iamkareno,joanday
iamkareno,rkive
iamkareno,michellephan
iamkareno,chrisellelim
iamkareno,weylie
iamkareno,_imyour_joy
iamkareno,agustd
iamkareno,hoooooyeony
iamkareno,badgalriri
iamkareno,lalalalisa_m
iamkareno,bbyambi
iamkareno,hyunah_aa
iamkareno,dojacat
iamkareno,kyliejenner
iamkareno,hangtw
iamkareno,kendalljenner
iamkareno,sacheu
iamkareno,q2han
iamkareno,aaashleyk
iamkareno,jin
iamkareno,nuriamaa
iamkareno,tingting_lai
iamkareno,aimeesong
iamkareno,sophiachang
iamkareno,taytay_xx
iamkareno,itsyuyann
iamkareno,selkie
iamkareno,_mariahwasa
iamkareno,pameluft
iamkareno,meicrosoft
iamkareno,thatsheart
iamkareno,thenavarose
iamkareno,juliaadang
iamkareno,blogilates
iamkareno,ellenvlora
iamkareno,hanaylee
iamkareno,chaelincl
iamkareno,abcdefghi__lmnopqrstuvwxyz
iamkareno,taramilktea
iamkareno,nextshark
iamkareno,dahyeshka
iamkareno,glowwithava
iamkareno,emcosmetics
iamkareno,kickiyangz
iamkareno,princessmei
iamkareno,moderngurlz
iamkareno,jessicah_o
iamkareno,ponysmakeup
iamkareno,arianagrande
iamkareno,heyitsfeiii
iamkareno,maya_nilsen
iamkareno,hypebae
iamkareno,tina_yong
iamkareno,beautyfoodwithava
iamkareno,snitchery
iamkareno,christineleeee
iamkareno,desiperkins
iamkareno,beautifymeeh
iamkareno,pumpkinjenn
iamkareno,francislola
iamkareno,yourgirlneens
iamkareno,meejmuse
iamkareno,wah.wuu
iamkareno,nicaphan
iamkareno,waikeezy
iamkareno,joanfood
iamkareno,briddyli
iamkareno,cassiemasangkay
iamkareno,frmheadtotoe
iamkareno,eggdressesup
iamkareno,iamamypham
iamkareno,tinawzq
ilariacapozio,gi.ubeauty
ilariacapozio,francescapapapiccomakeupartist
ilariacapozio,alfonsobrogna
ilariacapozio,cristinaraimondi_makeup
ilariacapozio,lorenaferlito_
ilariacapozio,unname_cosmetics
ilariacapozio,d.dog_petbeauty_
ilariacapozio,makeup_by_giuly
ilariacapozio,thesignofmel
ilariacapozio,mabeldegraziamua
ilariacapozio,sara_basile_makeup
ilariacapozio,ariannapatti_mua
ilariacapozio,duecuorieunatovaglia_
ilariacapozio,drusillafoer
ilariacapozio,kay.morello
ilariacapozio,bestmuaitalia
ilariacapozio,sabrizorzi_mua
ilariacapozio,marylou_ph
ilariacapozio,makeheart19
ilariacapozio,ele_beaute_mua
ilariacapozio,marikavonella
ilariacapozio,officine_concept
ilariacapozio,d.testoniosteopata
ilariacapozio,missyglowmua
ilariacapozio,marialuisa_coppola
ilariacapozio,danielafontanarosa
ilariacapozio,silviap.makeupartist
ilariacapozio,carloconcato
ilariacapozio,officineprolab
ilariacapozio,mindfulfineries
ilariacapozio,carmine_masterchef11
ilariacapozio,muaeleonora
ilariacapozio,chiarabullo_makeup
ilariacapozio,macpse
ilariacapozio,smilemakerbeauty
ilariacapozio,aurelmarashi
ilariacapozio,leyelinerperandareinguerra
ilariacapozio,mksdigitalagency
ilariacapozio,make_up_pills
ilariacapozio,ilariamps
ilariacapozio,makeupbyblu
ilariacapozio,mybeautyswatches
ilariacapozio,augustalovesbenefit
ilariacapozio,alismakeupartist
ilariacapozio,prolabacademy
ilariacapozio,francescabondimua
ilariacapozio,silviaownmakeup
ilariacapozio,ventifive
ilariacapozio,lepepeboots
ilariacapozio,giuls__7
ilariacapozio,esseabeauty
ilariacapozio,mauriziofusaro_mua
ilariacapozio,giorgiasoleri_
ilariacapozio,chiarascaglionimua
ilariacapozio,federicaceriani_
ilariacapozio,cogomua
ilariacapozio,rosaandcooffice
ilariacapozio,evacarmignato.muah
ilariacapozio,innovativeschool.it
ilariacapozio,professionemakeupartist
ilariacapozio,peluxart
ilariacapozio,vasile_longhi
ilariacapozio,alessandranuovavia
ilariacapozio,lia_masterchef11
ilariacapozio,ilblogdi.c
ilariacapozio,singandra
ilariacapozio,beatrice.notarandrea.mua
ilariacapozio,neverwithouteyeliner_mua
ilariacapozio,mary_cianci
ilariacapozio,francescatini.mua
ilariacapozio,eleonorabelfiore
ilariacapozio,claudiacalaphotography
ilariacapozio,sanremorai
ilariacapozio,mime_kataniwa_masterchef11
ilariacapozio,synbril
ilariacapozio,prolabagency
ilariacapozio,manuel_tondo
ilariacapozio,mattia_stanga
ilariacapozio,chiara_lo_re__
ilariacapozio,fantasanremo
jomarigoyso,despiertamerica
jomarigoyso,elgordoylaflaca
jomarigoyso,univision
jomarigoyso,sueltalasopatv
jomarigoyso,peopleenespanol
jomarigoyso,noticiastelemundo
jomarigoyso,uninoticias
jomarigoyso,primerimpacto
jomarigoyso,telemundo
jomarigoyso,clarissamolina
jomarigoyso,francisca
jomarigoyso,hoydia
jomarigoyso,mannycruzrd
jomarigoyso,luzgarciatv
jomarigoyso,anapatriciatv
jomarigoyso,cheddyg
jomarigoyso,yubelkisperalta
jomarigoyso,rodnerfigueroa
jomarigoyso,alejandrochaban
jomarigoyso,gelenasolanotv
jomarigoyso,lourdesstephen
jomarigoyso,liliestefan
jomarigoyso,alejandraespinoza
jomarigoyso,raphypina
jomarigoyso,lainsuperable
jomarigoyso,pamsued
jomarigoyso,adamarilopez
jomarigoyso,juliangil
jomarigoyso,anasimord
jomarigoyso,jessicapereirag
jomarigoyso,tdandrades
jomarigoyso,alexoficial
jomarigoyso,candyflow
jomarigoyso,nattinatasha
jomarigoyso,drjuanjr
jomarigoyso,jlo
jomarigoyso,rauldemolina
jomarigoyso,wasonbrazoban
jomarigoyso,nahiony
jomarigoyso,ximenaduque
jomarigoyso,shakira
jomarigoyso,nashlabogaert
jomarigoyso,cvillaloboss
jomarigoyso,venenosandoval
jomarigoyso,rasheldiaz
jomarigoyso,jackybrv
jomarigoyso,raultvgonzalez
jomarigoyso,univisionfamosos
jomarigoyso,yapoort
jomarigoyso,maluma
jomarigoyso,toni
jomarigoyso,iamdrafermin
jomarigoyso,carolineaquino1
jomarigoyso,haidycruzfit
jomarigoyso,chiquis
jomarigoyso,uninovelas
jomarigoyso,chefyisus
jomarigoyso,franciscard_1
jomarigoyso,olgatanonofficial
jomarigoyso,karolg
jomarigoyso,giselleblondet
jomarigoyso,thalia
jomarigoyso,gutierrezelizabeth_
jomarigoyso,donmiguelo
jomarigoyso,alexandramvp
jomarigoyso,romeosantos
jomarigoyso,michellegalvantv
jomarigoyso,holausa
jomarigoyso,chikybombomreal
jomarigoyso,karlamartineztv
jomarigoyso,pinarecords1
jomarigoyso,mamaslatinas
jomarigoyso,bebedelosfamosos
jomarigoyso,maityinteriano
jomarigoyso,latinxnow
jomarigoyso,celinestoribio
jomarigoyso,iliacalderon
jomarigoyso,collinsoficial
jomarigoyso,mariacelestearraras
jomarigoyso,barbarabermudo
journaldesfemmes,psychologies_
journaldesfemmes,france5
journaldesfemmes,versionfemina
journaldesfemmes,marieclairefr
journaldesfemmes,parismatch_magazine
journaldesfemmes,les_glorieuses
journaldesfemmes,madamefigarofr
journaldesfemmes,francebleu
journaldesfemmes,loptimisme_officiel
journaldesfemmes,aufeminin
journaldesfemmes,750grammes
journaldesfemmes,allocine
journaldesfemmes,franceinfo
journaldesfemmes,geo_france
journaldesfemmes,20minutesfrance
journaldesfemmes,fraiches
journaldesfemmes,grazia_fr
journaldesfemmes,cosmopolitan_fr
journaldesfemmes,lessavoirsinutilesneon
journaldesfemmes,vanityfairfrance
journaldesfemmes,femme_actuelle
journaldesfemmes,galafr
journaldesfemmes,disneyfr
journaldesfemmes,jemangequoicesoir
journaldesfemmes,marionnaudfr
journaldesfemmes,fourchette_et_bikini
journaldesfemmes,confidentiellesofficial
journaldesfemmes,cuisineactuelle
journaldesfemmes,recette_deouff
journaldesfemmes,hellobody_fr
journaldesfemmes,voici_mag
journaldesfemmes,cacommenceauj
journaldesfemmes,750_green
journaldesfemmes,leseclaireuses.beaute
journaldesfemmes,hervecuisine
journaldesfemmes,teleloisirs
journaldesfemmes,__healthy.fr__
journaldesfemmes,cerveauetpsycho
journaldesfemmes,jetlagdemotivateur
journaldesfemmes,allo.docteurs
journaldesfemmes,leseclaireuses
journaldesfemmes,toogoodtogo.fr
journaldesfemmes,hajar.guerrous
journaldesfemmes,saistuque_off
journaldesfemmes,parispremiere
journaldesfemmes,doctissimo
journaldesfemmes,telestar.fr
journaldesfemmes,healthfit_challenge
journaldesfemmes,parisobviously
journaldesfemmes,tapage
journaldesfemmes,topconduite___
journaldesfemmes,avocat_andrea_kaczorowski
journaldesfemmes,luciajimenezb
journaldesfemmes,celiaborel_avocat
journaldesfemmes,jelaba_ouazzaniya
journaldesfemmes,me_estelle_diop_avocat
journaldesfemmes,mcetv.fr
journaldesfemmes,healthyfood_creation
journaldesfemmes,hannabens.diet
journaldesfemmes,avolex.avocats
journaldesfemmes,jow_fr
journaldesfemmes,beaugrenelleparis
journaldesfemmes,coeursdeguerrieres
journaldesfemmes,yahoopopfr
journaldesfemmes,mcl_avocat
journaldesfemmes,femmehumour
journaldesfemmes,pause_cafein
journaldesfemmes,lacuisinedebibou
journaldesfemmes,dieteticienne.gourmande
journaldesfemmes,iamayajones
journaldesfemmes,lidlvoyages
journaldesfemmes,julya66
journaldesfemmes,tvmagfr
journaldesfemmes,lalignegourmande
journaldesfemmes,_mavieenvert
journaldesfemmes,doctoome_
journaldesfemmes,gallymini_patisse
journaldesfemmes,lecolefrancaise.fr
journaldesfemmes,rubanroseofficiel
journaldesfemmes,phrase_des_ados
lianev,kimkardashian
lianev,theshaderoom
lianev,kourtneykardash
lianev,kyliejenner
lianev,fashionnova
lianev,bretmanrock
lianev,chrissyteigen
lianev,jordynwoods
lianev,khloekardashian
lianev,badgalriri
lianev,worldstar
lianev,nickiminaj
lianev,iambeckyg
lianev,snoopdogg
lianev,funnyhoodvidz
lianev,saweetie
lianev,carmenpritchett
lianev,theestallion
lianev,karrueche
lianev,vanessabryant
lianev,iamcardib
lianev,official_janina
lianev,queennaija
lianev,tammyhembrow
lianev,ciara
lianev,tarajiphenson
lianev,meganfox
lianev,therock
lianev,kendalljenner
lianev,therealdaytime
lianev,shaymitchell
lianev,krisjenner
lianev,winnieharlow
lianev,gabunion
lianev,vanessahudgens
lianev,realprincessmae
lianev,lelepons
lianev,jillyanais
lianev,nakedwardrobe
lianev,tiamowry
lianev,nikitadragun
lianev,loriharvey
lianev,salicerose
lianev,kevinhart4real
lianev,jlo
lianev,kehlani
lianev,sommerray
lianev,theerealkarlaj
lianev,jenafrumes
lianev,lianevbeauty
lianev,iluvsarahii
lianev,keke
lianev,candice
lianev,malenicruz
lianev,jheneaiko
lianev,iamerica_mena
lianev,fabiana_ferrarini
lianev,hennessycarolina
lianev,thejeanniemai
lianev,dojacat
lianev,beyonce
lianev,teyanataylor
lianev,christinamilian
lianev,kingbach
lianev,adriennebailon
lianev,thatsheart
lianev,dearra
lianev,arianagrande
lianev,ammikaaa
lianev,adamw
lianev,inanna
lianev,honeybthatsme
lianev,aggyabby
lianev,misslolaofficial
lianev,alondradessy
lianev,desariana
lianev,chrisbrownofficial
lianev,makealacachola
lianev,leilanigreen
lianev,selenagomez
loccitane_fr,yvesrocherfr
loccitane_fr,clarinsfr
loccitane_fr,nuxe
loccitane_fr,eauthermaleavenefrance
loccitane_fr,nocibe_france
loccitane_fr,biodermafrance
loccitane_fr,maccosmeticsfrance
loccitane_fr,ritualscosmeticsfrance
loccitane_fr,caudaliefrance
loccitane_fr,cliniquefrance
loccitane_fr,ghdfrance
loccitane_fr,erborian
loccitane_fr,sanoflore
loccitane_fr,rogergallet
loccitane_fr,maybelline_fr
loccitane_fr,renefurterer
loccitane_fr,uriagefrance
loccitane_fr,eucerin_fr
loccitane_fr,avrilcosmetiques
loccitane_fr,sobio_etic
loccitane_fr,melvitaofficial
loccitane_fr,corinedefarme
loccitane_fr,aderma_france
loccitane_fr,marionnaudfr
loccitane_fr,besson_chaussures
loccitane_fr,glossybox_fr
loccitane_fr,bonobojeans
loccitane_fr,garanciabeauty
loccitane_fr,klorane_france
loccitane_fr,glowria_fr
loccitane_fr,kiehlsfrance
loccitane_fr,phytoparis
loccitane_fr,louispion
loccitane_fr,sarenza
loccitane_fr,weledafr
loccitane_fr,blissim
loccitane_fr,ww_france
loccitane_fr,my_little_box
loccitane_fr,cattierparisfr
loccitane_fr,foreo_france
loccitane_fr,dammannfreres_officiel
loccitane_fr,lexpressfr
loccitane_fr,fleurancenature
loccitane_fr,dermalogicafr
loccitane_fr,kalista_france
loccitane_fr,eram_officiel
loccitane_fr,pocket_jeunesse
loccitane_fr,saeve_france
loccitane_fr,qiriness
loccitane_fr,roseuniacke
loccitane_fr,letanneur_official
loccitane_fr,lindtfrance
loccitane_fr,huygensparis
loccitane_fr,kusmiteaparis
loccitane_fr,rhinov_
loccitane_fr,toteme
loccitane_fr,polaar
loccitane_fr,maismu
loccitane_fr,stmichel_fr
loccitane_fr,letribunaldunet
loccitane_fr,aprilskin_korea
loccitane_fr,energiefruit
loccitane_fr,respirenaturel
loccitane_fr,wearecharlottebio
loccitane_fr,smule
loccitane_fr,frichti
loccitane_fr,apofrance
loccitane_fr,interflora_france
loccitane_fr,purebreak
loccitane_fr,dlabnutricosmetics
loccitane_fr,emmaetchloe
loccitane_fr,lespetitsbidons
loccitane_fr,phyts_france
loccitane_fr,adalia06
loccitane_fr,taaj_paris
loccitane_fr,candycrushsaga
loccitane_fr,guihome_vous_detend
loccitane_fr,bcombio_fr
loccitane_fr,bocage_officiel
loccitane_fr,ef_france
loraccosmetics,tartecosmetics
loraccosmetics,maccosmetics
loraccosmetics,sigmabeauty
loraccosmetics,toofaced
loraccosmetics,sephora
loraccosmetics,morphebrushes
loraccosmetics,nyxcosmetics
loraccosmetics,anastasiabeverlyhills
loraccosmetics,lagirlcosmetics
loraccosmetics,maybelline
loraccosmetics,milanicosmetics
loraccosmetics,bhcosmetics
loraccosmetics,colourpopcosmetics
loraccosmetics,elfcosmetics
loraccosmetics,makeupgeekcosmetics
loraccosmetics,urbandecaycosmetics
loraccosmetics,fentybeauty
loraccosmetics,lauramercier
loraccosmetics,lorealparis
loraccosmetics,bobbibrown
loraccosmetics,kyliecosmetics
loraccosmetics,benefitcosmetics
loraccosmetics,physiciansformula
loraccosmetics,wetnwildbeauty
loraccosmetics,makeuprevolution
loraccosmetics,narsissist
loraccosmetics,natashadenona
loraccosmetics,lancomeofficial
loraccosmetics,kikomilano
loraccosmetics,clinique
loraccosmetics,makeupbymario
loraccosmetics,doseofcolors
loraccosmetics,rimmellondonus
loraccosmetics,ultabeauty
loraccosmetics,ofracosmetics
loraccosmetics,charlottetilbury
loraccosmetics,kvdbeauty
loraccosmetics,limecrimemakeup
loraccosmetics,stilacosmetics
loraccosmetics,beautybaycom
loraccosmetics,realtechniques
loraccosmetics,gerardcosmetics
loraccosmetics,itcosmetics
loraccosmetics,hudabeautyshop
loraccosmetics,hourglasscosmetics
loraccosmetics,dupethat
loraccosmetics,fourthraybeauty
loraccosmetics,solbody
loraccosmetics,thebalm
loraccosmetics,buxomcosmetics
loraccosmetics,pixibeauty
loraccosmetics,boxycharm
loraccosmetics,hudabeauty
loraccosmetics,jouercosmetics
loraccosmetics,meltcosmetics
loraccosmetics,temptalia
loraccosmetics,velourbeautyofficial
loraccosmetics,juviasplace
loraccosmetics,makeupforever
loraccosmetics,smashboxcosmetics
loraccosmetics,viseart
loraccosmetics,lacolorscosmetics
loraccosmetics,coverfx
loraccosmetics,impressionsvanity
loraccosmetics,makeupworldnews
loraccosmetics,bitebeauty
loraccosmetics,profusion
loraccosmetics,houseoflashes
loraccosmetics,patmcgrathreal
loraccosmetics,beautyblender
loraccosmetics,zoevacosmetics
loraccosmetics,glamglow
loraccosmetics,modabrush
loraccosmetics,garnierusa
loraccosmetics,natashadenonabeauty
loraccosmetics,patricktabeauty
loraccosmetics,jasonwubeauty
loraccosmetics,sally_hansen
loraccosmetics,indiemakeuphotspot
loraccosmetics,covergirl
maccosmeticsfrance,yvesrocherfr
maccosmeticsfrance,clarinsfr
maccosmeticsfrance,nuxe
maccosmeticsfrance,nyxcosmetics_france
maccosmeticsfrance,cerave_fr
maccosmeticsfrance,eauthermaleavenefrance
maccosmeticsfrance,caudaliefrance
maccosmeticsfrance,ritualscosmeticsfrance
maccosmeticsfrance,nocibe_france
maccosmeticsfrance,cliniquefrance
maccosmeticsfrance,erborian
maccosmeticsfrance,ghdfrance
maccosmeticsfrance,garnierfr
maccosmeticsfrance,sheinfrance_
maccosmeticsfrance,loccitane_fr
maccosmeticsfrance,marionnaudfr
maccosmeticsfrance,neutrogenafrance
maccosmeticsfrance,beauteprivee
maccosmeticsfrance,sanoflore
maccosmeticsfrance,hellobody_fr
maccosmeticsfrance,glamglowfrance
maccosmeticsfrance,toofacedlovesfrance
maccosmeticsfrance,glossybox_fr
maccosmeticsfrance,maybelline_fr
maccosmeticsfrance,bobbibrownfrance
maccosmeticsfrance,adoptparfums
maccosmeticsfrance,jewelcandlefr
maccosmeticsfrance,blissim
maccosmeticsfrance,besson_chaussures
maccosmeticsfrance,opi_france
maccosmeticsfrance,nivea_fr
maccosmeticsfrance,martinecosmetics
maccosmeticsfrance,garanciabeauty
maccosmeticsfrance,glowria_fr
maccosmeticsfrance,bysmaquillage
maccosmeticsfrance,rimmellondonfrance
maccosmeticsfrance,revlonfrance
maccosmeticsfrance,foreo_france
maccosmeticsfrance,maty_officiel
maccosmeticsfrance,rogecavaillesfr
maccosmeticsfrance,ericbompard
maccosmeticsfrance,sabonfrance
maccosmeticsfrance,danessa_myricks
maccosmeticsfrance,itcosmeticsfr
maccosmeticsfrance,veepee_fr
maccosmeticsfrance,elancylfrance
maccosmeticsfrance,youarecosmetics
maccosmeticsfrance,typologyparis
maccosmeticsfrance,marioncameleon
maccosmeticsfrance,cirquecolors
maccosmeticsfrance,maquibeauty.fr
maccosmeticsfrance,paulfranceofficiel
maccosmeticsfrance,beaugrenelleparis
maccosmeticsfrance,sagacosmetics
maccosmeticsfrance,greenkiecookies
maccosmeticsfrance,otrerabeauty
maccosmeticsfrance,nars_galerieslafayette
maccosmeticsfrance,bangleupparis
maccosmeticsfrance,valya_lelyukh
maccosmeticsfrance,makeu_pbykim
maccosmeticsfrance,morganec.makeup
maccosmeticsfrance,maccosmeticsgrenoble
maccosmeticsfrance,merci_handy16
maccosmeticsfrance,lalogedegabrielle
maccosmeticsfrance,grandmarnierofficiel
maccosmeticsfrance,kosmeopolis
maccosmeticsfrance,jumakeup._
maccosmeticsfrance,envie2parfum.fr
maccosmeticsfrance,mammasterclass
maccosmeticsfrance,aravni.fr
maccosmeticsfrance,lifebyfanny_m
maccosmeticsfrance,loccitaneavignon
maccosmeticsfrance,amend.fr
maccosmeticsfrance,myholy_
maccosmeticsfrance,positivecandlesfr
maccosmeticsfrance,milendi_fr
maccosmeticsfrance,fluff_skin_superfood_fr
maccosmeticsfrance,sup3r_marion
maccosmeticsfrance,marytimzz
maccosmeticsfrance,jeanlouisdavidmulhouse
maquibeauty.fr,yvesrocherfr
maquibeauty.fr,byclaaire_makeup
maquibeauty.fr,dorinemakeup_
maquibeauty.fr,sparkling_makeup
maquibeauty.fr,sobio_etic
maquibeauty.fr,iconixlips
maquibeauty.fr,morganec.makeup
maquibeauty.fr,lilymaia.mua
maquibeauty.fr,maccosmeticsfrance
maquibeauty.fr,jumakeup._
maquibeauty.fr,echantillonsgratuitsfr
maquibeauty.fr,nyxcosmetics_france
maquibeauty.fr,bekind_mue
maquibeauty.fr,laurine_makeup_
maquibeauty.fr,tiffanymakeuppro
maquibeauty.fr,julilimakeup
maquibeauty.fr,marg_loss
maquibeauty.fr,sagacosmetics
maquibeauty.fr,notino_fr
maquibeauty.fr,bysmaquillage
maquibeauty.fr,glamglowfrance
maquibeauty.fr,rimmellondonfrance
maquibeauty.fr,feelunique
maquibeauty.fr,mkpbyemma
maquibeauty.fr,youarecosmetics
maquibeauty.fr,lookfantastic_fr
maquibeauty.fr,laemu_
maquibeauty.fr,glowria_fr
maquibeauty.fr,nocibe_france
maquibeauty.fr,nojebeauty
maquibeauty.fr,beauteprivee
maquibeauty.fr,_chloemakeup__
maquibeauty.fr,johnfriedafr
maquibeauty.fr,kosmeopolis
maquibeauty.fr,emiliee_makeupp
maquibeauty.fr,maybelline_fr
maquibeauty.fr,coslys.fr
maquibeauty.fr,toofacedlovesfrance
maquibeauty.fr,energiefruit
maquibeauty.fr,muaurore_
maquibeauty.fr,ayo_coralie
maquibeauty.fr,enillasmu
maquibeauty.fr,lodoesmakeup
maquibeauty.fr,mesauda.cosmetics
maquibeauty.fr,foreo_france
maquibeauty.fr,cosmetiquebox_officiel
maquibeauty.fr,juliefmue
maquibeauty.fr,jewelcandlefr
maquibeauty.fr,concours_diazinsta
maquibeauty.fr,naturcos
maquibeauty.fr,makeuprevolutionitalia
maquibeauty.fr,fluff_skin_superfood_fr
maquibeauty.fr,wapetonabeautyshop
maquibeauty.fr,marine_chrtm
maquibeauty.fr,launine.makeup
maquibeauty.fr,glossybox_fr
maquibeauty.fr,colourpopaddict_france
maquibeauty.fr,ohhmels
maquibeauty.fr,natachalight
maquibeauty.fr,maeyvaaa_makeup
maquibeauty.fr,leprincemakeup
maquibeauty.fr,janod_france
maquibeauty.fr,marytimzz
maquibeauty.fr,coloriiofficiel
maquibeauty.fr,makeup.by.alicia188
maquibeauty.fr,malloumakeup
maquibeauty.fr,beautetestcom
maquibeauty.fr,veepee_fr
maquibeauty.fr,baija_cosmetique
maquibeauty.fr,maquibeauty.pt
maquibeauty.fr,marioncameleon
maquibeauty.fr,adelebeautyyy
maquibeauty.fr,vitry_paris
maquibeauty.fr,zorakeup
maquibeauty.fr,donni.davy
maquibeauty.fr,melmue
maquibeauty.fr,lhcosmetics
maquibeauty.fr,facechartiste
maquibeauty.fr,_petit_moustique
maquibeauty.fr,jananiselvaradj
marioncameleon,sephorafrance
marioncameleon,netflixfr
marioncameleon,gaellegd
marioncameleon,lenamahfouf
marioncameleon,ayo_coralie
marioncameleon,nyxcosmetics_france
marioncameleon,beautybaycom
marioncameleon,sananas2106
marioncameleon,romy
marioncameleon,shera
marioncameleon,natoogram
marioncameleon,martinecosmetics
marioncameleon,silentjill
marioncameleon,sandrea26france
marioncameleon,angele_vl
marioncameleon,penelosauvage
marioncameleon,xsqueezie
marioncameleon,eliseheb
marioncameleon,missou_makeup
marioncameleon,hugodecrypte
marioncameleon,jujufitcats
marioncameleon,justezoe
marioncameleon,noholit_o
marioncameleon,emy_ltr
marioncameleon,nabilla
marioncameleon,yanissaxoxo
marioncameleon,levraimcfly
marioncameleon,mayadorable
marioncameleon,sissymua
marioncameleon,sandreahome
marioncameleon,noemiemakeuptouch
marioncameleon,enjoyphoenix
marioncameleon,rafcarlito
marioncameleon,toofacedlovesfrance
marioncameleon,nocibe_france
marioncameleon,seblafrite
marioncameleon,romyvictory
marioncameleon,oce.rthn
marioncameleon,fabiancrfx
marioncameleon,douzefevrier
marioncameleon,lemondedesalome
marioncameleon,lindahallberg
marioncameleon,joyca
marioncameleon,richaard2609
marioncameleon,lufyyyy
marioncameleon,style_tonic
marioncameleon,maquibeauty.fr
marioncameleon,mastuu_
marioncameleon,amixem
marioncameleon,marinelbars
marioncameleon,lifebyfanny_m
marioncameleon,coucoulesgirls
marioncameleon,by.indy
marioncameleon,elsamakeup
marioncameleon,promisemakeup
marioncameleon,johanpapz
marioncameleon,latelierderoxane
marioncameleon,maxence
marioncameleon,anais_marion
marioncameleon,thebexcentricshow
marioncameleon,michou_yt
marioncameleon,vachmouth
marioncameleon,_urbanunicorn
marioncameleon,nicolasdenoun
marioncameleon,maquillemonkrane
marioncameleon,sindyoff
marioncameleon,lodoesmakeup
marioncameleon,laura_r
marioncameleon,jessicathivenin
marioncameleon,horia_insta
marioncameleon,lalogedegabrielle
marioncameleon,eyelinerinmyveins
marioncameleon,lucasdorable
marioncameleon,enillasmu
marioncameleon,tanguy_lamenace
marioncameleon,popartpiercing
marioncameleon,mariouth_cameleouth
marioncameleon,helarayondesoleil
marioncameleon,itsevasmu
marioncameleon,enillas
marionnaudfr,kiabi_official
marionnaudfr,yvesrocherfr
marionnaudfr,maccosmeticsfrance
marionnaudfr,clarinsfr
marionnaudfr,nocibe_france
marionnaudfr,filorga_france
marionnaudfr,darty_officiel
marionnaudfr,nuxe
marionnaudfr,eauthermaleavenefrance
marionnaudfr,nyxcosmetics_france
marionnaudfr,histoiredor
marionnaudfr,leclerc
marionnaudfr,cliniquefrance
marionnaudfr,galerieslafayette
marionnaudfr,opi_france
marionnaudfr,caudaliefrance
marionnaudfr,ritualscosmeticsfrance
marionnaudfr,maybelline_fr
marionnaudfr,nivea_fr
marionnaudfr,mixafr
marionnaudfr,erborian
marionnaudfr,beautetestcom
marionnaudfr,renefurterer
marionnaudfr,camaieu
marionnaudfr,philips.maison
marionnaudfr,loccitane_fr
marionnaudfr,gemo_officiel
marionnaudfr,rimmellondonfrance
marionnaudfr,besson_chaussures
marionnaudfr,sanoflore
marionnaudfr,klorane_france
marionnaudfr,aldifrance
marionnaudfr,monoprix
marionnaudfr,beauteprivee
marionnaudfr,adoptparfums
marionnaudfr,garanciabeauty
marionnaudfr,evoluderm.france
marionnaudfr,jewelcandlefr
marionnaudfr,lancaster
marionnaudfr,notino_fr
marionnaudfr,auchan_france
marionnaudfr,foreo_france
marionnaudfr,glossybox_fr
marionnaudfr,glowria_fr
marionnaudfr,grandfrais
marionnaudfr,blissim
marionnaudfr,freshlycosmetics_fr
marionnaudfr,paulaschoicefr
marionnaudfr,qiriness
marionnaudfr,dermalogicafr
marionnaudfr,maty_officiel
marionnaudfr,nettofrance
marionnaudfr,princesse_boutique
marionnaudfr,guillaume.dulude
marionnaudfr,nars_galerieslafayette
marionnaudfr,blanche_porte
marionnaudfr,emmanuellek_
marionnaudfr,areformidable
marionnaudfr,camillecerf
marionnaudfr,manfredthierrymugler
marionnaudfr,boho_addict
marionnaudfr,buckleylondon
marionnaudfr,lescapaderomantique
marionnaudfr,bcombio_fr
marionnaudfr,melissawoodhealth
marionnaudfr,loccitaneorleans
marionnaudfr,merci_handy16
marionnaudfr,jeannepiaubertmiddleest
marionnaudfr,leseauxprimordiales
marionnaudfr,auriege_fr
marionnaudfr,loccitaneavignon
marionnaudfr,minimaliste.green
marionnaudfr,st_champselysees
marionnaudfr,florajetfleur
marionnaudfr,nars_phaussmann
marionnaudfr,centrecommercialokabe
marionnaudfr,intuition_by_wilkinson_fr
marionnaudfr,dorjoyparis
marionnaudfr,act_beauty
marionnaudfr,laboratoiresmessegue
martinecosmetics,nyxcosmetics_france
martinecosmetics,bellamihairpro
martinecosmetics,persol
martinecosmetics,nocibe_france
martinecosmetics,blissim
martinecosmetics,glowria_fr
martinecosmetics,good
martinecosmetics,the.independent
martinecosmetics,le_bonbon
martinecosmetics,jubileemedia
martinecosmetics,jewelcandlefr
martinecosmetics,bonsbaisersdepaname
martinecosmetics,leavesandclouds
martinecosmetics,docksbruxsel
martinecosmetics,catlion.nutrition
martinecosmetics,charlie_hebdo_officiel
martinecosmetics,fraiches
martinecosmetics,piercing_dealer_
martinecosmetics,sistersrepublic_fr
martinecosmetics,cdiscountshake
martinecosmetics,lemartineshop
martinecosmetics,the_wizards_shop
martinecosmetics,oseebeaute
martinecosmetics,lodoesmakeup
martinecosmetics,creapills
martinecosmetics,konbiniarts
martinecosmetics,msfbelgique
martinecosmetics,louyetuparis
martinecosmetics,otrerabeauty
martinecosmetics,marioncameleon
martinecosmetics,fabiancosmetics
martinecosmetics,silentjill
martinecosmetics,theglobalgoals
martinecosmetics,ayo_coralie
martinecosmetics,bozarbrussels
martinecosmetics,gossipyoutubefr
martinecosmetics,attndotcom
martinecosmetics,sandreahome
martinecosmetics,naturawellnessfr
martinecosmetics,elia.lingerie
martinecosmetics,veepee_fr
martinecosmetics,fabiancrfx
martinecosmetics,noemiemakeuptouch
martinecosmetics,honestmindshop
martinecosmetics,tododesign
martinecosmetics,mainsquarefestival
martinecosmetics,miramonamour
martinecosmetics,thegameoflaughs
martinecosmetics,garance_delacour
martinecosmetics,coucoulesgirls
martinecosmetics,lucasdorable
martinecosmetics,estellefitz
martinecosmetics,sarahnewsfx
martinecosmetics,yashicandles
martinecosmetics,lemondedesalome
martinecosmetics,lesdeglingos
martinecosmetics,yokonailart
martinecosmetics,mkpbyemma
martinecosmetics,jemenbatsleclito
martinecosmetics,warnerbrosbelgium
martinecosmetics,yay.paris
martinecosmetics,metaforbusiness
martinecosmetics,ikonaclub
martinecosmetics,tiffanymakeuppro
martinecosmetics,haronzaanan
martinecosmetics,by_eva18
martinecosmetics,raphma_
martinecosmetics,weinvest_realestate
martinecosmetics,iconixlips
martinecosmetics,ju__cup
martinecosmetics,palim_tintin
martinecosmetics,marinette.makeup
martinecosmetics,scrunchieisback
martinecosmetics,muaurore_
martinecosmetics,goldenoff
martinecosmetics,laemu_
martinecosmetics,atomik_cosmetics
martinecosmetics,cloecapdeville.facialiste
martinecosmetics,marg_loss
martinecosmetics,maisonduneon
maybelline_fr,yvesrocherfr
maybelline_fr,clarinsfr
maybelline_fr,cerave_fr
maybelline_fr,eauthermaleavenefrance
maybelline_fr,nocibe_france
maybelline_fr,nyxcosmetics_france
maybelline_fr,maccosmeticsfrance
maybelline_fr,garnierfr
maybelline_fr,caudaliefrance
maybelline_fr,cliniquefrance
maybelline_fr,ghdfrance
maybelline_fr,ducray.france
maybelline_fr,uriagefrance
maybelline_fr,loccitane_fr
maybelline_fr,erborian
maybelline_fr,nivea_fr
maybelline_fr,beauteprivee
maybelline_fr,dopfrance
maybelline_fr,marionnaudfr
maybelline_fr,toofacedlovesfrance
maybelline_fr,glossybox_fr
maybelline_fr,opi_france
maybelline_fr,rimmellondonfrance
maybelline_fr,sheinfrance_
maybelline_fr,klorane_france
maybelline_fr,hellobody_fr
maybelline_fr,eucerin_fr
maybelline_fr,jewelcandlefr
maybelline_fr,avrilcosmetiques
maybelline_fr,revlonfrance
maybelline_fr,myjoliecandle
maybelline_fr,glowria_fr
maybelline_fr,notino_fr
maybelline_fr,glamglowfrance
maybelline_fr,lushfrance
maybelline_fr,foreo_france
maybelline_fr,bysmaquillage
maybelline_fr,adoptparfums
maybelline_fr,noblepanacea
maybelline_fr,lookfantastic_fr
maybelline_fr,ritzparis
maybelline_fr,johnfriedafr
maybelline_fr,fatouguineaa
maybelline_fr,ohmycream
maybelline_fr,maquibeauty.fr
maybelline_fr,franprix
maybelline_fr,otrerabeauty
maybelline_fr,saintgervaismontblanc
maybelline_fr,french.hm
maybelline_fr,taaj_paris
maybelline_fr,richaard2609
maybelline_fr,sagacosmetics
maybelline_fr,nars_galerieslafayette
maybelline_fr,tiffanymakeuppro
maybelline_fr,fabiancosmetics
maybelline_fr,laumakeupx
maybelline_fr,yodibeauty
maybelline_fr,bepanthenderma_fr
maybelline_fr,poqssi
maybelline_fr,lipheomu
maybelline_fr,chaumetclotilde
maybelline_fr,monicabibalou
maybelline_fr,maybeshana
maybelline_fr,biancacosta
maybelline_fr,emiliee_makeupp
maybelline_fr,justineartsyeyes
maybelline_fr,iconixlips
maybelline_fr,juliefmue
maybelline_fr,rdynastie
maybelline_fr,mkp_tix
maybelline_fr,maellemkp
maybelline_fr,dorinemakeup_
maybelline_fr,muaurore_
maybelline_fr,unicornsbeautys_
maybelline_fr,noe_mue_
maybelline_fr,leenmkp
maybelline_fr,orchxdeaa
maybelline_fr,mathikeup
maybelline_fr,lentillesmoinscheres
maybelline_fr,brume_victoriasecret
mykitsch,oseamalibu
mykitsch,k18hair
mykitsch,luxyhair
mykitsch,tula
mykitsch,pacificabeauty
mykitsch,naturiumskin
mykitsch,francescas
mykitsch,firstaidbeauty
mykitsch,itzyritzy
mykitsch,functionofbeauty
mykitsch,bumbleandbumble
mykitsch,thrivecausemetics
mykitsch,vegamour
mykitsch,thementalwellnesscollective
mykitsch,veryjane
mykitsch,altardstate
mykitsch,igkhair
mykitsch,burtsbees
mykitsch,grandecosmetics
mykitsch,vanityplanet
mykitsch,evahairnyc
mykitsch,ciatelondon
mykitsch,soapandgloryusa
mykitsch,lovewellness
mykitsch,beekman1802
mykitsch,monicaandandy
mykitsch,stitchfix
mykitsch,native
mykitsch,kytebaby
mykitsch,thredup
mykitsch,mybkr
mykitsch,rawsugarliving
mykitsch,gimmebeauty
mykitsch,oliveandjune
mykitsch,dimebeautyco
mykitsch,beautybarclinics
mykitsch,treatbeauty
mykitsch,thirdlove
mykitsch,careof
mykitsch,meetalleyoop
mykitsch,beyondyoga
mykitsch,t3micro
mykitsch,gorjana
mykitsch,lulifamaswimwear
mykitsch,paige_desorbo
mykitsch,verbenergy
mykitsch,flovitamins
mykitsch,graceandstella
mykitsch,blissybrand
mykitsch,thegoodpatch
mykitsch,bydrvali
mykitsch,lalahdelia
mykitsch,nenaandco
mykitsch,yarelisdenise
mykitsch,katequinn_shop
mykitsch,prose
mykitsch,vioribeauty
mykitsch,ellieactivewear
mykitsch,blueland
mykitsch,plastixdocs
mykitsch,rocksbox
mykitsch,asarai
mykitsch,cestmoibeauty
mykitsch,untamedpetals
mykitsch,floss.beauty
mykitsch,tottinikids
mykitsch,ruviskin
mykitsch,lclittleco
mykitsch,oohlaluxe
mykitsch,boldskinco
mykitsch,shopbohme
mykitsch,shopheyjune
mykitsch,birdygrey
mykitsch,thepageantbuzz_
mykitsch,puremomblog
mykitsch,thesak
mykitsch,_makeupandhairbylulu_
mykitsch,marvelousinthemidwest
mykitsch,istanabeautyofficial
mykitsch,_shopthecollection
myrefreshments,naturescartel
myrefreshments,morphe2
myrefreshments,rosybloomcosmetics
myrefreshments,tillsummerofficial
myrefreshments,boldskinco
myrefreshments,cannukaluxe
myrefreshments,dreamcurler
myrefreshments,god_and_skin
myrefreshments,k.l.hart_
myrefreshments,veevonderland_cosmetics
myrefreshments,lumiereskyn
myrefreshments,mykoiia
myrefreshments,complexculturebeauty
myrefreshments,officialdisneyprograms
myrefreshments,silkylipsbyaeriana
myrefreshments,glow.with.sasha
myrefreshments,bysuibeauty
myrefreshments,ecotools
myrefreshments,jewishvoiceforpeace
myrefreshments,cerablancacandleco
myrefreshments,modernchildclothing
myrefreshments,gillian.cosmetics
myrefreshments,allurebeautybox
myrefreshments,lindagauntco
myrefreshments,solbody
myrefreshments,kweentamara.co
myrefreshments,jessicaisspoiled
myrefreshments,fourthraybeauty
myrefreshments,lashyboxshop
myrefreshments,kissproducts
myrefreshments,lunarbeauty
myrefreshments,mackenziebankertcosmetics
myrefreshments,co.colgate
myrefreshments,caleycosmetics
myrefreshments,skinbuilders_global
myrefreshments,assets.safe
myrefreshments,soapandgloryusa
myrefreshments,paywithcatch
myrefreshments,beccalynn.75
myrefreshments,beauteas1
myrefreshments,thewetbrush
myrefreshments,ipsyboxyspoilers
myrefreshments,helengordonstudios
myrefreshments,hellosterling
myrefreshments,thebeachwaver
myrefreshments,alondrarbeauty
myrefreshments,functionofbeauty
myrefreshments,pacificabeauty
myrefreshments,thehook
myrefreshments,luxiebeauty
myrefreshments,flawlessbeauty
myrefreshments,disneylandmagickey
myrefreshments,jergensus
myrefreshments,foxybaehair
myrefreshments,mistakeerase
myrefreshments,badhabitbeauty
myrefreshments,deblossomshoes
myrefreshments,kensiefragrance
myrefreshments,audoreofficial
myrefreshments,gourguesglow
myrefreshments,no7usa
myrefreshments,thejunoco
myrefreshments,spoiledlipscosmetics
myrefreshments,themakeupshack
myrefreshments,darren_anthony89
myrefreshments,beautybyaudreanna
myrefreshments,glamai.official
myrefreshments,boscia
myrefreshments,japonesque
myrefreshments,dailywithdayna
myrefreshments,secroma2021
myrefreshments,pinchme
myrefreshments,tuuskin
myrefreshments,firstaidbeauty
myrefreshments,poppicosmetics
myrefreshments,trulybeauty
myrefreshments,kusbeautyusa
myrefreshments,togetherwerise
myrefreshments,wandrscents
myrefreshments,getmovvy
nocibe_france,yvesrocherfr
nocibe_france,nyxcosmetics_france
nocibe_france,clarinsfr
nocibe_france,caudaliefrance
nocibe_france,ritualscosmeticsfrance
nocibe_france,maccosmeticsfrance
nocibe_france,garnierfr
nocibe_france,cliniquefrance
nocibe_france,fnac_officiel
nocibe_france,loccitane_fr
nocibe_france,ghdfrance
nocibe_france,samsungfrance
nocibe_france,maccosmeticsgermany
nocibe_france,erborian
nocibe_france,leclerc
nocibe_france,glossybox_fr
nocibe_france,toofacedlovesfrance
nocibe_france,beauteprivee
nocibe_france,dopfrance
nocibe_france,marionnaudfr
nocibe_france,histoiredor
nocibe_france,jewelcandlefr
nocibe_france,camaieu
nocibe_france,maybelline_fr
nocibe_france,glowria_fr
nocibe_france,sheinfrance_
nocibe_france,sobio_etic
nocibe_france,hellobody_fr
nocibe_france,rimmellondonfrance
nocibe_france,revlonfrance
nocibe_france,corinedefarme
nocibe_france,maybelline_de
nocibe_france,adoptparfums
nocibe_france,myjoliecandle
nocibe_france,bysmaquillage
nocibe_france,p2_cosmetics_official
nocibe_france,blume2000
nocibe_france,lushfrance
nocibe_france,saforelle
nocibe_france,moebelhoeffner
nocibe_france,lavalleevillage
nocibe_france,notino_fr
nocibe_france,realtechniquesde
nocibe_france,martinecosmetics
nocibe_france,lancaster
nocibe_france,lascanaofficial
nocibe_france,mauboussin_officiel
nocibe_france,sabonfrance
nocibe_france,puressentiel
nocibe_france,instax_de
nocibe_france,frichti
nocibe_france,beautysuccessfrance
nocibe_france,veepee_fr
nocibe_france,florame
nocibe_france,veluxdach
nocibe_france,dascha.gntm2021.official
nocibe_france,bizzbee
nocibe_france,americanvintage_officiel
nocibe_france,easypara
nocibe_france,lbdcoiffeur
nocibe_france,rexona_de
nocibe_france,alexispinturault
nocibe_france,french.hm
nocibe_france,cdiscountshake
nocibe_france,deezerde
nocibe_france,onygoshop
nocibe_france,wethenew
nocibe_france,cleor_bijoux
nocibe_france,rakutenfrance
nocibe_france,quick.france
nocibe_france,lesvisionnaires_official
nocibe_france,fortepharmafrance
nocibe_france,dianeleyreoff
nocibe_france,cinqmondes
nocibe_france,richaard2609
nocibe_france,deardarling.berlin
nocibe_france,otrerabeauty
nocibe_france,nettofrance
nocibe_france,roseelucyy
nocibe_france,bepanthenderma_fr
nuxe,yvesrocherfr
nuxe,eauthermaleavenefrance
nuxe,clarinsfr
nuxe,cerave_fr
nuxe,uriagefrance
nuxe,biodermafrance
nuxe,ritualscosmeticsfrance
nuxe,maccosmeticsfrance
nuxe,loccitane_fr
nuxe,nocibe_france
nuxe,cliniquefrance
nuxe,caudaliefrance
nuxe,neutrogenafrance
nuxe,erborian
nuxe,garnierfr
nuxe,filorga_france
nuxe,ghdfrance
nuxe,renefurterer
nuxe,institut_esthederm
nuxe,lieracparis
nuxe,glossybox_fr
nuxe,marionnaudfr
nuxe,nivea_fr
nuxe,kolschofficial
nuxe,paiskincare
nuxe,goprofr
nuxe,darty_officiel
nuxe,sanoflore
nuxe,melvitaofficial
nuxe,aderma_france
nuxe,uniqlo_fr
nuxe,welovecoco
nuxe,payotofficial
nuxe,camaieu
nuxe,eucerin_fr
nuxe,foreo_france
nuxe,kiehlsfrance
nuxe,klorane_france
nuxe,phytoparis
nuxe,garanciabeauty
nuxe,sobio_etic
nuxe,le_bonbon
nuxe,cerclemusic
nuxe,despetitshauts
nuxe,dysonhair_fr
nuxe,vw_france
nuxe,fitnessblender
nuxe,lahalleofficiel
nuxe,laboratoire_svr
nuxe,cariboumusic
nuxe,gasbijoux
nuxe,weledafr
nuxe,puressentiel
nuxe,cuurevitamins
nuxe,oliverbrynnum
nuxe,leozinn.077
nuxe,maxime.gasteuil
nuxe,pileje
nuxe,allo.docteurs
nuxe,cheerzfr
nuxe,videdressing
nuxe,love_and_green_
nuxe,matoma
nuxe,fdj_officiel
nuxe,welcometothejungle_fr
nuxe,les_petits_frenchies
nuxe,alexbeautyroom
nuxe,junybreeze
nuxe,oliveclothing
nuxe,gallinee_beaute
nuxe,dlabindustry
nuxe,lotusbabyfr
nuxe,les_petites_porcelaines
nuxe,nars_galerieslafayette
nuxe,jean_f.christian
nuxe,lifeofkellydawn
nuxe,cdiscount
nuxe,isaacdelusion
nuxe,nuits_sonores
nuxe,amandinepetitoff
opi_france,yvesrocherfr
opi_france,maccosmeticsfrance
opi_france,nocibe_france
opi_france,clarinsfr
opi_france,nuxe
opi_france,nyxcosmetics_france
opi_france,ritualscosmeticsfrance
opi_france,caudaliefrance
opi_france,cliniquefrance
opi_france,ghdfrance
opi_france,hemafrance
opi_france,marionnaudfr
opi_france,erborian
opi_france,myjoliecandle
opi_france,loccitane_fr
opi_france,maybelline_fr
opi_france,toofacedlovesfrance
opi_france,melvitaofficial
opi_france,rimmellondonfrance
opi_france,sobio_etic
opi_france,revlonfrance
opi_france,jewelcandlefr
opi_france,beauteprivee
opi_france,vtech_jouets
opi_france,garanciabeauty
opi_france,indigonailsfrance
opi_france,adoptparfums
opi_france,itcosmeticsfr
opi_france,glossybox_fr
opi_france,embroidery.world
opi_france,glowria_fr
opi_france,foreo_france
opi_france,bleulibelluleofficiel
opi_france,letanneur_official
opi_france,lushfrance
opi_france,blissim
opi_france,letempsdescerisesjeans
opi_france,maison123_paris
opi_france,leonorgreyl
opi_france,spartoogram
opi_france,dermalogicafr
opi_france,bananabeauty.fr
opi_france,bobotiik
opi_france,lemanegeabijoux
opi_france,liplabfrance
opi_france,beautysuccessfrance
opi_france,armandthiery
opi_france,enmodelyonnaise
opi_france,nutrition_home
opi_france,ticketaccom
opi_france,cod_nail_system
opi_france,ohmytechnology
opi_france,weightloss.tips.well
opi_france,travelingcrazes
opi_france,jonak
opi_france,leminimacaronparis
opi_france,dorisblancpin
opi_france,opalebijoux
opi_france,packupnmove
opi_france,oseebeaute
opi_france,1944paris
opi_france,kiwisainttropez
opi_france,paulinemlrr
opi_france,paolinanails
opi_france,beautyshand
opi_france,jyskfrance
opi_france,orparima_paris
opi_france,florajetfleur
opi_france,monalogue
opi_france,sloggi_france
opi_france,redkenfr
opi_france,croustipate_france
opi_france,classynails____
opi_france,thelacquergirl
opi_france,maisonamaria
opi_france,megandcook
opi_france,lorence.esthetique
opi_france,nolwenn_creme
opi_france,nebuleuse.bijoux
opi_france,pauline_mey
paulaschoice,cerave
paulaschoice,theordinary
paulaschoice,iliabeauty
paulaschoice,origins
paulaschoice,drjart
paulaschoice,laneige_us
paulaschoice,cosrx
paulaschoice,sundayriley
paulaschoice,kosas
paulaschoice,farmacybeauty
paulaschoice,muradskincare
paulaschoice,supergoop
paulaschoice,aveda
paulaschoice,firstaidbeauty
paulaschoice,dermalogica
paulaschoice,youthtothepeople
paulaschoice,purito_official
paulaschoice,kravebeauty
paulaschoice,josiemaran
paulaschoice,peachandlily
paulaschoice,naturiumskin
paulaschoice,olehenriksen
paulaschoice,caudalieus
paulaschoice,clarinsusa
paulaschoice,versed
paulaschoice,physiciansformula
paulaschoice,selflessbyhyram
paulaschoice,tower28beauty
paulaschoice,birchbox
paulaschoice,skinfixinc
paulaschoice,korean_skin__care
paulaschoice,sokoglam
paulaschoice,nordstrombeauty
paulaschoice,herbivorebotanicals
paulaschoice,briogeo
paulaschoice,boscia
paulaschoice,hauserwirth
paulaschoice,pmdbeauty
paulaschoice,skintok
paulaschoice,biossance
paulaschoice,beautyofjoseon_official
paulaschoice,volitionbeauty
paulaschoice,cleanbeauty_collective
paulaschoice,paulaschoiceuk
paulaschoice,drdavinlim
paulaschoice,thenimetyou
paulaschoice,officialvanicream
paulaschoice,cleanskinclub
paulaschoice,cocokind
paulaschoice,stylevana_sv
paulaschoice,itsnicethat
paulaschoice,stratiaskin
paulaschoice,helloavabeauty
paulaschoice,momomoyouth
paulaschoice,d_and_ad
paulaschoice,graziauk
paulaschoice,medik8usa
paulaschoice,juicebeauty
paulaschoice,gothamista
paulaschoice,topicals
paulaschoice,andalounaturals
paulaschoice,drdrayzday
paulaschoice,james_s_welsh
paulaschoice,dkmntl
paulaschoice,ovalspace
paulaschoice,icalondon
paulaschoice,go.picky
paulaschoice,ohhhsolovely
paulaschoice,sherryhues
paulaschoice,freudmuseum
paulaschoice,lcclondon
paulaschoice,skinstans
paulaschoice,brandefy_
paulaschoice,wearesocial
paulaschoice,skincallco
paulaschoice,labmuffinbeautyscience
paulaschoice,socialmediatoday
paulaschoice,skinovereverything
paulaschoice,britishbeautycouncil
paulaschoice,carharttwip_usa
pivoinebeautyacademy,brakos_store
pivoinebeautyacademy,profumo_mania
pivoinebeautyacademy,elisire_estetica_dimagrimento
pivoinebeautyacademy,artattack_di_stefanoraucci
pivoinebeautyacademy,maria.spose.collection2021
pivoinebeautyacademy,adrianasbeauty_
pivoinebeautyacademy,mir_emakeup
pivoinebeautyacademy,finisterremineralmakeup
pivoinebeautyacademy,trendypolice_official
pivoinebeautyacademy,_mybeautyplace_
pivoinebeautyacademy,meryeboli_makeupartist
pivoinebeautyacademy,beautyy_fra_
pivoinebeautyacademy,toniamake_up
pivoinebeautyacademy,verdolo_italia
pivoinebeautyacademy,first_masseria
pivoinebeautyacademy,moxedo_srl
pivoinebeautyacademy,letiziagaudino_mua__
pivoinebeautyacademy,dagimarket_com
pivoinebeautyacademy,flobeautylover_
pivoinebeautyacademy,_ag_makeup
pivoinebeautyacademy,drusillafoer
pivoinebeautyacademy,mary.andbeauty
pivoinebeautyacademy,franenailsbeauty
pivoinebeautyacademy,inspirations.italy
pivoinebeautyacademy,rosaspinelli_makeupartist
pivoinebeautyacademy,pixied_makeup
pivoinebeautyacademy,minstamakeup
pivoinebeautyacademy,capellialtop.it
pivoinebeautyacademy,coryavonleader
pivoinebeautyacademy,saram_makeup_
pivoinebeautyacademy,justlolita_gallipoli
pivoinebeautyacademy,diabasi_massaggi
pivoinebeautyacademy,t04.taurisano
pivoinebeautyacademy,vitaebenesseree_
pivoinebeautyacademy,claudia.c__makeup
pivoinebeautyacademy,cristina.mu_yr
pivoinebeautyacademy,_mememakeup_
pivoinebeautyacademy,toelettastyle
pivoinebeautyacademy,imperialstore.it
pivoinebeautyacademy,sabrina.ferilli.ufficiale
pivoinebeautyacademy,dermedicsitalia
pivoinebeautyacademy,williparktaurisano
pivoinebeautyacademy,tropicana_mykonos_official
pivoinebeautyacademy,prontopro.it
pivoinebeautyacademy,need_italia
pivoinebeautyacademy,rosamulier
pivoinebeautyacademy,laperla.gioielleria
pivoinebeautyacademy,uppynet
pivoinebeautyacademy,_beautynailsacademy
pivoinebeautyacademy,gliavvocatidivorzisti
pivoinebeautyacademy,audace20
pivoinebeautyacademy,deagioiacentroestetico
pivoinebeautyacademy,periferia_bynormal
pivoinebeautyacademy,scorranomaria
pivoinebeautyacademy,bolerofficial
pivoinebeautyacademy,giulia_mua28
pivoinebeautyacademy,rosalindacademy
pivoinebeautyacademy,enjoynailsitalia
pivoinebeautyacademy,melania_degiorgi
pivoinebeautyacademy,francescasmakeup_
pivoinebeautyacademy,dolceideataurisanopresicce
pivoinebeautyacademy,ilbellodelledonne_beauty
pivoinebeautyacademy,ilprofdiestetica
pivoinebeautyacademy,les.perles.dorient
pivoinebeautyacademy,nyxcosmetics_italy
pivoinebeautyacademy,pierrereneprofessional_puglia
pivoinebeautyacademy,saraesposito_nails
pivoinebeautyacademy,evaluna_accessori_moda
pivoinebeautyacademy,va.mi_nails_official
pivoinebeautyacademy,napuriella
pivoinebeautyacademy,vallymua90
pivoinebeautyacademy,associazionecosmeticaitalia
pivoinebeautyacademy,nicola_mua_marino
pivoinebeautyacademy,filod_arte
pivoinebeautyacademy,lorellaprofumerie
pivoinebeautyacademy,pierrereneportugal
pivoinebeautyacademy,giocheria_civitanova
pivoinebeautyacademy,antheanailsmakeup
pivoinebeautyacademy,beauty_queens_academy
pivoinebeautyacademy,nikladvmua
poopiblh,lenamahfouf
poopiblh,roseelucyy
poopiblh,netflixfr
poopiblh,leanemarts
poopiblh,sephorafrance
poopiblh,noholit_o
poopiblh,maelplat_
poopiblh,romy
poopiblh,nabilla
poopiblh,justezoe
poopiblh,gossiproomoff
poopiblh,justriadh
poopiblh,sabrina_veretout
poopiblh,loufitlove
poopiblh,jujufitcats
poopiblh,tonydsts
poopiblh,mayadorable
poopiblh,latelierderoxane
poopiblh,ogee_off
poopiblh,cyrilschr
poopiblh,fabiancrfx
poopiblh,estherluxey
poopiblh,iam_evaqueen
poopiblh,w9officiel
poopiblh,shera
poopiblh,lenna.vivas
poopiblh,angele_vl
poopiblh,jessicathivenin
poopiblh,lilou.grmm.off
poopiblh,michou_yt
poopiblh,sheinfrance_
poopiblh,nicocapone.comedy
poopiblh,aufeminin
poopiblh,paolalct
poopiblh,maevaa.ghennam
poopiblh,victoria_mehault
poopiblh,sananas2106
poopiblh,jennyfer
poopiblh,giuseppacrl
poopiblh,itc_tf1
poopiblh,carlamoreau_____
poopiblh,tfxtv
poopiblh,wejdene.bk
poopiblh,ohmymagfr
poopiblh,dna_tf1
poopiblh,house_of_rbb
poopiblh,lenatamburinioff
poopiblh,ophenya_
poopiblh,rose.thr
poopiblh,louisergt
poopiblh,my_sweetbabys
poopiblh,jazztvshow
poopiblh,pewiyard
poopiblh,inoxtag
poopiblh,stephaniedurant
poopiblh,gaellegd
poopiblh,manon__pasquier
poopiblh,buzzz_telerealite
poopiblh,peachy.mely
poopiblh,kamilaofficiel
poopiblh,melodyfunck_
poopiblh,zoodiaques
poopiblh,diegferez
poopiblh,rym.renom
poopiblh,millajasmineoff
poopiblh,bentiii_
poopiblh,evvacst
poopiblh,chris_joyz
poopiblh,loukaki24
poopiblh,hillaryoff
poopiblh,charlinee.tl
poopiblh,leseclaireuses.beaute
poopiblh,bluefishdedunkerque
poopiblh,tiboinshape
poopiblh,leonardmzr
poopiblh,enzotaistoi
poopiblh,gossipspace_tv
poopiblh,noemiemakeuptouch
poopiblh,camille__stengel
poopiblh,xsqueezie
ritualscosmeticsfrance,yvesrocherfr
ritualscosmeticsfrance,nuxe
ritualscosmeticsfrance,clarinsfr
ritualscosmeticsfrance,eauthermaleavenefrance
ritualscosmeticsfrance,maccosmeticsfrance
ritualscosmeticsfrance,nyxcosmetics_france
ritualscosmeticsfrance,caudaliefrance
ritualscosmeticsfrance,erborian
ritualscosmeticsfrance,nocibe_france
ritualscosmeticsfrance,ghdfrance
ritualscosmeticsfrance,cliniquefrance
ritualscosmeticsfrance,uriagefrance
ritualscosmeticsfrance,loccitane_fr
ritualscosmeticsfrance,beauteprivee
ritualscosmeticsfrance,zalando_beauty
ritualscosmeticsfrance,filorga_france
ritualscosmeticsfrance,sanoflore
ritualscosmeticsfrance,avrilcosmetiques
ritualscosmeticsfrance,repettoparis
ritualscosmeticsfrance,lushfrance
ritualscosmeticsfrance,hellobody_fr
ritualscosmeticsfrance,blissim
ritualscosmeticsfrance,myjoliecandle
ritualscosmeticsfrance,glossybox_fr
ritualscosmeticsfrance,jewelcandlefr
ritualscosmeticsfrance,esteelauderme
ritualscosmeticsfrance,glowria_fr
ritualscosmeticsfrance,princessetamtam
ritualscosmeticsfrance,renefurterer
ritualscosmeticsfrance,marionnaudfr
ritualscosmeticsfrance,undizfamily
ritualscosmeticsfrance,sobio_etic
ritualscosmeticsfrance,notino_fr
ritualscosmeticsfrance,phytoparis
ritualscosmeticsfrance,wellafrance
ritualscosmeticsfrance,resident_advisor
ritualscosmeticsfrance,ecosia
ritualscosmeticsfrance,garanciabeauty
ritualscosmeticsfrance,my_little_box
ritualscosmeticsfrance,adoptparfums
ritualscosmeticsfrance,kiehlsfrance
ritualscosmeticsfrance,laprovencale_bio
ritualscosmeticsfrance,zalandoprive_fr
ritualscosmeticsfrance,tedx_official
ritualscosmeticsfrance,gqfrance
ritualscosmeticsfrance,lavachequiritfr
ritualscosmeticsfrance,klorane_france
ritualscosmeticsfrance,uniladadventure
ritualscosmeticsfrance,kinderfr
ritualscosmeticsfrance,foreo_france
ritualscosmeticsfrance,saeve_france
ritualscosmeticsfrance,dermalogicafr
ritualscosmeticsfrance,bananabeauty.fr
ritualscosmeticsfrance,baija_cosmetique
ritualscosmeticsfrance,polaar
ritualscosmeticsfrance,emmaetchloe
ritualscosmeticsfrance,dplusforcare
ritualscosmeticsfrance,lovebeautyandplanet_france
ritualscosmeticsfrance,lesechos
ritualscosmeticsfrance,timeouthk
ritualscosmeticsfrance,parisparfumsfr
ritualscosmeticsfrance,cineseriescom
ritualscosmeticsfrance,laroseecosmetiques
ritualscosmeticsfrance,lamaisonsequoia
ritualscosmeticsfrance,jeanmichelfussoir
ritualscosmeticsfrance,tapage
ritualscosmeticsfrance,madofficiel
ritualscosmeticsfrance,club.apero
ritualscosmeticsfrance,girlsinparis_
ritualscosmeticsfrance,ritualscosmeticshk
ritualscosmeticsfrance,unbottled.co
ritualscosmeticsfrance,lesguignols
ritualscosmeticsfrance,parissecret
ritualscosmeticsfrance,supersoukshop
ritualscosmeticsfrance,karcher_france
ritualscosmeticsfrance,skin.andout
ritualscosmeticsfrance,yodibeauty
ritualscosmeticsfrance,taaj_paris
ritualscosmeticsfrance,la_ferme_du_bonheur
ritualscosmeticsfrance,dlabindustry
roseelucyy,leanemarts
roseelucyy,netflixfr
roseelucyy,lenamahfouf
roseelucyy,charlidamelio
roseelucyy,maelplat_
roseelucyy,lilou.grmm.off
roseelucyy,ogee_off
roseelucyy,romy
roseelucyy,rose.thr
roseelucyy,manon__pasquier
roseelucyy,estherluxey
roseelucyy,justezoe
roseelucyy,latelierderoxane
roseelucyy,ophenya_
roseelucyy,jennyfer
roseelucyy,tonydsts
roseelucyy,michou_yt
roseelucyy,noholit_o
roseelucyy,lenatamburinioff
roseelucyy,citation.roudou
roseelucyy,justriadh
roseelucyy,loufitlove
roseelucyy,jujufitcats
roseelucyy,louisergt
roseelucyy,maybeshana
roseelucyy,iam_evaqueen
roseelucyy,inoxtag
roseelucyy,sephorafrance
roseelucyy,marylouleloup
roseelucyy,celia_7721
roseelucyy,nabilla
roseelucyy,lenna.vivas
roseelucyy,bentiii_
roseelucyy,fabiancrfx
roseelucyy,maevaa.ghennam
roseelucyy,mayadorable
roseelucyy,paolalct
roseelucyy,elsabois
roseelucyy,charlinee.tl
roseelucyy,wejdene.bk
roseelucyy,lolaa.ytb
roseelucyy,sheinfrance_
roseelucyy,enzotaistoi
roseelucyy,aanxfly_off
roseelucyy,chelsea.correia
roseelucyy,victoria_mehault
roseelucyy,evvacst
roseelucyy,diegferez
roseelucyy,alizee.yt
roseelucyy,melissaallbb
roseelucyy,pidi_meg
roseelucyy,ilonaaln
roseelucyy,vincentnadal
roseelucyy,iam.moana
roseelucyy,jessicathivenin
roseelucyy,dna_tf1
roseelucyy,ohmymagfr
roseelucyy,carlamoreau_____
roseelucyy,jazztvshow
roseelucyy,aikaleshiba
roseelucyy,clemencesvan
roseelucyy,justt__zizouu
roseelucyy,xsqueezie
roseelucyy,levraininou
roseelucyy,besoinde_
roseelucyy,hillaryoff
roseelucyy,marie.mt
roseelucyy,matt.brt
roseelucyy,its__nathaly__
roseelucyy,lemondedilyana
roseelucyy,helias_officiel
roseelucyy,timmyluxey
roseelucyy,ninacherryoff
roseelucyy,cyrilschr
roseelucyy,looanx
roseelucyy,gabinetlili.yt
roseelucyy,sweatvintfroff
roseelucyy,jeanne.dhx
roseelucyy,elise_cm
roseelucyy,nocibe_france
tanos.ry,sasha_nikolina
tanos.ry,luxvisage_belarus
tanos.ry,laurajohnson_mua
tanos.ry,kuchmanatali__makeup
tanos.ry,morozova_anastasiaa
tanos.ry,prof.salon
tanos.ry,poniroma
tanos.ry,valya_lelyukh
tanos.ry,anastasile
tanos.ry,slavakomissarenko
tanos.ry,yana_panfilovskaya
tanos.ry,my_7days
tanos.ry,grishina.viktoria
tanos.ry,elena_kanevskaya_
tanos.ry,wazhmulya
tanos.ry,pinkmint_mua
tanos.ry,alesia_fedorenko_mk
tanos.ry,sasha_make_up
tanos.ry,kova.beauty
tanos.ry,murmyaaaau
tanos.ry,beautyunionpl
tanos.ry,anastasia_obv
tanos.ry,piminova_valery
tanos.ry,ohmystasya
tanos.ry,nika_dashko_
tanos.ry,anastasia5
tanos.ry,ermilovatatyana
tanos.ry,marrumuart
tanos.ry,sofia_baburina
tanos.ry,evalendel
tanos.ry,school_st.art
tanos.ry,zena_grekova
tanos.ry,belarus_pro_cosmetic_sale
tanos.ry,stasyalexcom
tanos.ry,muaclub
tanos.ry,architector.beauty
tanos.ry,tamara_malikova
tanos.ry,zolotashkomakeup
tanos.ry,nyahontova
tanos.ry,sasha.cosmetics
tanos.ry,antonina_romanova_
tanos.ry,nanaika
tanos.ry,nataliiiav
tanos.ry,lera_markatunova
tanos.ry,ludovik_t
tanos.ry,desiree_mattsson
tanos.ry,ilonavincho
tanos.ry,tatakazanova
tanos.ry,ratnikova_makeup
tanos.ry,mylamination
tanos.ry,tinavalerdi_official
tanos.ry,dushenkafedotova
tanos.ry,chizhik_mua
tanos.ry,milla
tanos.ry,karinavans.pr
tanos.ry,luce_sposa
tanos.ry,pekarskayamakeup
tanos.ry,deniskartashev
tanos.ry,julia_voron
tanos.ry,nikolaeva.makeup
tanos.ry,allegressewedding
tanos.ry,tomina_studio
tanos.ry,randco.belarus
tanos.ry,lemontion.agency
tanos.ry,elagottfried
tanos.ry,chrystimak
tanos.ry,makeupbylavrusha
tanos.ry,sorokairyna
tanos.ry,darianadar
tanos.ry,estetica.beautystudio
tanos.ry,belskaya_style
tanos.ry,ariabride_official
tanos.ry,dariakarlozi_official
tanos.ry,xeniya_nikitina
tanos.ry,sodaonmylips
tanos.ry,maria_mua_beauty
tanos.ry,klepach.pro
tanos.ry,muaschool
tanos.ry,kostya_28
tanos.ry,diana_makeup_beauty
toofacedlovesfrance,yvesrocherfr
toofacedlovesfrance,nocibe_france
toofacedlovesfrance,clarinsfr
toofacedlovesfrance,caudaliefrance
toofacedlovesfrance,maccosmeticsfrance
toofacedlovesfrance,lorealgroupe
toofacedlovesfrance,nyxcosmetics_france
toofacedlovesfrance,ghdfrance
toofacedlovesfrance,garnierfr
toofacedlovesfrance,erborian
toofacedlovesfrance,cliniquefrance
toofacedlovesfrance,nivea_fr
toofacedlovesfrance,sanoflore
toofacedlovesfrance,base_aerienne_113
toofacedlovesfrance,loccitane_fr
toofacedlovesfrance,nintendoswitchfr
toofacedlovesfrance,rogergallet
toofacedlovesfrance,maybelline_fr
toofacedlovesfrance,beauteprivee
toofacedlovesfrance,hellobody_fr
toofacedlovesfrance,martinecosmetics
toofacedlovesfrance,glowria_fr
toofacedlovesfrance,opi_france
toofacedlovesfrance,rimmellondonfrance
toofacedlovesfrance,glossybox_fr
toofacedlovesfrance,notino_fr
toofacedlovesfrance,marionnaudfr
toofacedlovesfrance,jewelcandlefr
toofacedlovesfrance,audreylamy
toofacedlovesfrance,kiehlsfrance
toofacedlovesfrance,ghettokids_tfug
toofacedlovesfrance,glamglowfrance
toofacedlovesfrance,french.hm
toofacedlovesfrance,lookfantastic_fr
toofacedlovesfrance,philips.maison
toofacedlovesfrance,viktorandrolf
toofacedlovesfrance,bysmaquillage
toofacedlovesfrance,mayer.deca
toofacedlovesfrance,hairburst_fr
toofacedlovesfrance,laneige_europe
toofacedlovesfrance,cacharelparfums
toofacedlovesfrance,basebodybabes
toofacedlovesfrance,nabillabeauty
toofacedlovesfrance,alinea
toofacedlovesfrance,videdressing
toofacedlovesfrance,adoptparfums
toofacedlovesfrance,metaforbusiness
toofacedlovesfrance,fatouguineaa
toofacedlovesfrance,itcosmeticsfr
toofacedlovesfrance,kookai_europe
toofacedlovesfrance,31metrescarresdeco
toofacedlovesfrance,maquibeauty.fr
toofacedlovesfrance,otrerabeauty
toofacedlovesfrance,julia.flabat
toofacedlovesfrance,flyingdressfrance
toofacedlovesfrance,cdiscountshake
toofacedlovesfrance,nars_galerieslafayette
toofacedlovesfrance,motherlandtheserie
toofacedlovesfrance,laquariumleclub
toofacedlovesfrance,sandreahome
toofacedlovesfrance,emmaetchloe
toofacedlovesfrance,atelier.emmaetchloe
toofacedlovesfrance,lemondedesalome
toofacedlovesfrance,lealefaucon.tattoo
toofacedlovesfrance,dianeleyreoff
toofacedlovesfrance,supersoukshop
toofacedlovesfrance,chlorophylle.vanuffelen
toofacedlovesfrance,cleavincent
toofacedlovesfrance,rdynastie
toofacedlovesfrance,vital_mag
toofacedlovesfrance,roseelucyy
toofacedlovesfrance,orano.group
toofacedlovesfrance,ouestcharly
toofacedlovesfrance,theajewelry
toofacedlovesfrance,caylinestudio
toofacedlovesfrance,lazeofrance
toofacedlovesfrance,nails_by_ju0
toofacedlovesfrance,beautycall_official
toofacedlovesfrance,rznrocket_
toofacedlovesfrance,estherluxey
yvesrocherfr,kiabi_official
yvesrocherfr,eauthermaleavenefrance
yvesrocherfr,cerave_fr
yvesrocherfr,nuxe
yvesrocherfr,biodermafrance
yvesrocherfr,nocibe_france
yvesrocherfr,clarinsfr
yvesrocherfr,maccosmeticsfrance
yvesrocherfr,nyxcosmetics_france
yvesrocherfr,garnierfr
yvesrocherfr,cliniquefrance
yvesrocherfr,ghdfrance
yvesrocherfr,ritualscosmeticsfrance
yvesrocherfr,caudaliefrance
yvesrocherfr,xxrevolution
yvesrocherfr,loccitane_fr
yvesrocherfr,galerieslafayette
yvesrocherfr,gifi.officiel
yvesrocherfr,renefurterer
yvesrocherfr,histoiredor
yvesrocherfr,uriagefrance
yvesrocherfr,neutrogenafrance
yvesrocherfr,nivea_fr
yvesrocherfr,maybelline_fr
yvesrocherfr,aromazone_officiel
yvesrocherfr,beauteprivee
yvesrocherfr,aderma_france
yvesrocherfr,melvitaofficial
yvesrocherfr,marionnaudfr
yvesrocherfr,sheinfrance_
yvesrocherfr,toofacedlovesfrance
yvesrocherfr,klorane_france
yvesrocherfr,glowria_fr
yvesrocherfr,garanciabeauty
yvesrocherfr,jewelcandlefr
yvesrocherfr,dopfrance
yvesrocherfr,glossybox_fr
yvesrocherfr,sobio_etic
yvesrocherfr,camaieu
yvesrocherfr,lafoirfouille_officiel
yvesrocherfr,rimmellondonfrance
yvesrocherfr,cosmopolitan_fr
yvesrocherfr,modecachecache
yvesrocherfr,hellobody_fr
yvesrocherfr,picardsurgeles
yvesrocherfr,adoptparfums
yvesrocherfr,myjoliecandle
yvesrocherfr,besson_chaussures
yvesrocherfr,laboratoire_svr
yvesrocherfr,mixafr
yvesrocherfr,leanemarts
yvesrocherfr,beautysuccessfrance
yvesrocherfr,lepetitolivier_officiel
yvesrocherfr,yvesrocherlagacilly
yvesrocherfr,elancylfrance
yvesrocherfr,french.hm
yvesrocherfr,bioilfrance
yvesrocherfr,yves_rocher_neufchatel
yvesrocherfr,callie.chogan
yvesrocherfr,dianeleyreoff
yvesrocherfr,laino.official
yvesrocherfr,estellesouvanna
yvesrocherfr,yves_rocher_bordeaux_ste_cath
yvesrocherfr,abbi.care
yvesrocherfr,yvesrocherbretignysurorge
yvesrocherfr,biendansmonslip
yvesrocherfr,yvesrocherbelfort90
yvesrocherfr,agencepeterfranklin
yvesrocherfr,lechouchouparfait
yvesrocherfr,yvesrochermerignac
yvesrocherfr,aloesolbio
yvesrocherfr,oleaia.cosmetique
yvesrocherfr,m_berenyce
yvesrocherfr,yvesrochersaran
yvesrocherfr,yvesrocher_chambraylestours
yvesrocherfr,innoxa.paris
yvesrocherfr,beautyhometips
yvesrocherfr,cpasjoelle
yvesrocherfr,bijoux_sorella
yvesrocherfr,yves_rocher_fougeres
